# CoRE-2 rule navigation CAD-derived geometry. See source.json.
mtllib official.mtl
g floor_1
usemtl floor
v 10.5 0.01 2.35
v 10.5 0.01 2.4
v 12 0.01 2.4
v 12 0.01 4.4
v 10.8 0.01 4.4
v 10.8 0.01 6.8
v 9.6 0.01 6.8
v 9.6 0.01 8
v 0 0.01 8
v 0 0.01 6.55
v 1.5 0.01 6.55
v 1.5 0.01 6.5
v 0 0.01 6.5
v 0 0.01 5.65
v 1.5 0.01 5.65
v 1.5 0.01 5.6
v 0 0.01 5.6
v 0 0.01 3.6
v 1.2 0.01 3.6
v 1.2 0.01 1.2
v 2.4 0.01 1.2
v 2.4 0.01 0
v 12 0.01 0
v 12 0.01 1.45
v 10.5 0.01 1.45
v 10.5 0.01 1.5
v 12 0.01 1.5
v 12 0.01 2.35
v 9.65 0.01 6.85
v 10.85 0.01 6.85
v 10.85 0.01 4.45
v 12 0.01 4.45
v 12 0.01 8
v 9.65 0.01 8
v 2.35 0.01 1.15
v 1.15 0.01 1.15
v 1.15 0.01 3.55
v 0 0.01 3.55
v 0 0.01 0
v 2.35 0.01 0
v 0 0.01 0
v 0 0 0
v 0 0.01 3.55
v 0 0.011 3.55
v 0 0.011 3.6
v 0 0.01 3.6
v 0 0.01 5.6
v 0 0.011 5.6
v 0 0.011 5.65
v 0 0.01 5.65
v 0 0.01 6.5
v 0 0.011 6.5
v 0 0.011 6.55
v 0 0.01 6.55
v 0 0.01 8
v 0 0 8
v 0 0.01 8
v 0 0 8
v 9.6 0.01 8
v 9.6 0.011 8
v 9.65 0.011 8
v 9.65 0.01 8
v 12 0.01 8
v 12 0 8
v 12 0.01 8
v 12 0 8
v 12 0.01 4.45
v 12 0.011 4.45
v 12 0.011 4.4
v 12 0.01 4.4
v 12 0.01 2.4
v 12 0.011 2.4
v 12 0.011 2.35
v 12 0.01 2.35
v 12 0.01 1.5
v 12 0.011 1.5
v 12 0.011 1.45
v 12 0.01 1.45
v 12 0.01 0
v 12 0 0
v 12 0.01 0
v 12 0 0
v 2.4 0.01 0
v 2.4 0.011 0
v 2.35 0.011 0
v 2.35 0.01 0
v 0 0.01 0
v 0 0 0
v 0 0 0
v 0 0 8
v 12 0 0
v 12 0 8
f 11 10 9
f 9 10 11
f 15 13 12
f 12 13 15
f 15 14 13
f 13 14 15
f 19 17 16
f 16 17 19
f 19 18 17
f 17 18 19
f 21 20 19
f 19 20 21
f 21 19 16
f 16 19 21
f 8 11 9
f 9 11 8
f 7 12 11
f 11 12 7
f 7 16 15
f 15 16 7
f 7 11 8
f 8 11 7
f 7 15 12
f 12 15 7
f 7 21 16
f 16 21 7
f 5 7 6
f 6 7 5
f 2 21 7
f 7 21 2
f 2 7 5
f 5 7 2
f 1 21 2
f 2 21 1
f 26 21 1
f 1 21 26
f 25 22 21
f 21 22 25
f 25 21 26
f 26 21 25
f 3 5 4
f 4 5 3
f 3 2 5
f 5 2 3
f 27 1 28
f 28 1 27
f 27 26 1
f 1 26 27
f 23 25 24
f 24 25 23
f 23 22 25
f 25 22 23
f 30 34 33
f 33 34 30
f 30 29 34
f 34 29 30
f 32 31 30
f 30 31 32
f 32 30 33
f 33 30 32
f 36 38 37
f 37 38 36
f 39 38 36
f 36 38 39
f 40 36 35
f 35 36 40
f 40 39 36
f 36 39 40
f 54 56 55
f 55 56 54
f 51 56 54
f 54 56 51
f 52 54 53
f 53 54 52
f 52 51 54
f 54 51 52
f 50 56 51
f 51 56 50
f 47 50 49
f 49 50 47
f 47 56 50
f 50 56 47
f 48 47 49
f 49 47 48
f 46 56 47
f 47 56 46
f 43 46 45
f 45 46 43
f 44 43 45
f 45 43 44
f 42 46 43
f 43 46 42
f 42 56 46
f 46 56 42
f 41 42 43
f 43 42 41
f 62 64 63
f 63 64 62
f 59 62 61
f 61 62 59
f 59 64 62
f 62 64 59
f 60 59 61
f 61 59 60
f 58 64 59
f 59 64 58
f 57 58 59
f 59 58 57
f 78 80 79
f 79 80 78
f 75 78 77
f 77 78 75
f 75 80 78
f 78 80 75
f 76 75 77
f 77 75 76
f 74 80 75
f 75 80 74
f 71 74 73
f 73 74 71
f 71 80 74
f 74 80 71
f 72 71 73
f 73 71 72
f 70 80 71
f 71 80 70
f 67 70 69
f 69 70 67
f 68 67 69
f 69 67 68
f 66 70 67
f 67 70 66
f 66 80 70
f 70 80 66
f 65 66 67
f 67 66 65
f 86 88 87
f 87 88 86
f 83 86 85
f 85 86 83
f 83 88 86
f 86 88 83
f 84 83 85
f 85 83 84
f 82 88 83
f 83 88 82
f 81 82 83
f 83 82 81
f 91 90 89
f 89 90 91
f 91 92 90
f 90 92 91
g line_red_93
usemtl line_red
v 0 0.011 6.55
v 0 0.01 6.55
v 1.5 0.011 6.55
v 1.5 0.01 6.55
v 1.5 0.011 6.55
v 1.5 0.01 6.55
v 1.5 0.011 6.5
v 1.5 0.01 6.5
v 1.5 0.011 6.5
v 1.5 0.01 6.5
v 0 0.011 6.5
v 0 0.01 6.5
v 0 0.011 6.5
v 0 0.011 6.55
v 1.5 0.011 6.55
v 1.5 0.011 6.5
v 2.35 0.011 0
v 2.35 0.01 0
v 2.35 0.011 1.15
v 2.35 0.01 1.15
v 2.35 0.011 1.15
v 2.35 0.01 1.15
v 1.15 0.011 1.15
v 1.15 0.01 1.15
v 1.15 0.011 1.15
v 1.15 0.01 1.15
v 1.15 0.011 3.55
v 1.15 0.01 3.55
v 1.15 0.011 3.55
v 1.15 0.01 3.55
v 0 0.011 3.55
v 0 0.01 3.55
v 0 0.011 3.6
v 0 0.01 3.6
v 1.2 0.011 3.6
v 1.2 0.01 3.6
v 1.2 0.011 3.6
v 1.2 0.01 3.6
v 1.2 0.011 1.2
v 1.2 0.01 1.2
v 1.2 0.011 1.2
v 1.2 0.01 1.2
v 2.4 0.011 1.2
v 2.4 0.01 1.2
v 2.4 0.011 1.2
v 2.4 0.01 1.2
v 2.4 0.011 0
v 2.4 0.01 0
v 2.4 0.011 0
v 2.35 0.011 0
v 2.35 0.011 1.15
v 1.15 0.011 1.15
v 1.15 0.011 3.55
v 0 0.011 3.55
v 0 0.011 3.6
v 1.2 0.011 3.6
v 1.2 0.011 1.2
v 2.4 0.011 1.2
f 93 96 95
f 95 96 93
f 93 94 96
f 96 94 93
f 98 100 99
f 99 100 98
f 97 98 99
f 99 98 97
f 101 104 103
f 103 104 101
f 101 102 104
f 104 102 101
f 107 105 106
f 106 105 107
f 107 108 105
f 105 108 107
f 109 112 111
f 111 112 109
f 109 110 112
f 112 110 109
f 114 116 115
f 115 116 114
f 113 114 115
f 115 114 113
f 117 120 119
f 119 120 117
f 117 118 120
f 120 118 117
f 121 124 123
f 123 124 121
f 121 122 124
f 124 122 121
f 126 128 127
f 127 128 126
f 125 126 127
f 127 126 125
f 129 132 131
f 131 132 129
f 129 130 132
f 132 130 129
f 134 136 135
f 135 136 134
f 133 134 135
f 135 134 133
f 138 140 139
f 139 140 138
f 137 138 139
f 139 138 137
f 143 141 142
f 142 141 143
f 143 144 149
f 149 144 143
f 150 141 143
f 143 141 150
f 150 143 149
f 149 143 150
f 145 146 147
f 147 146 145
f 148 145 147
f 147 145 148
f 144 145 149
f 149 145 144
f 148 149 145
f 145 149 148
g line_blue_151
usemtl line_blue
v 12 0.011 1.45
v 12 0.01 1.45
v 10.5 0.011 1.45
v 10.5 0.01 1.45
v 10.5 0.011 1.45
v 10.5 0.01 1.45
v 10.5 0.011 1.5
v 10.5 0.01 1.5
v 10.5 0.011 1.5
v 10.5 0.01 1.5
v 12 0.011 1.5
v 12 0.01 1.5
v 10.5 0.011 1.5
v 12 0.011 1.5
v 10.5 0.011 1.45
v 12 0.011 1.45
v 9.65 0.011 8
v 9.65 0.01 8
v 9.65 0.011 6.85
v 9.65 0.01 6.85
v 9.65 0.011 6.85
v 9.65 0.01 6.85
v 10.85 0.011 6.85
v 10.85 0.01 6.85
v 10.85 0.011 6.85
v 10.85 0.01 6.85
v 10.85 0.011 4.45
v 10.85 0.01 4.45
v 10.85 0.011 4.45
v 10.85 0.01 4.45
v 12 0.011 4.45
v 12 0.01 4.45
v 12 0.011 4.4
v 12 0.01 4.4
v 10.8 0.011 4.4
v 10.8 0.01 4.4
v 10.8 0.011 4.4
v 10.8 0.01 4.4
v 10.8 0.011 6.8
v 10.8 0.01 6.8
v 10.8 0.011 6.8
v 10.8 0.01 6.8
v 9.6 0.011 6.8
v 9.6 0.01 6.8
v 9.6 0.011 6.8
v 9.6 0.01 6.8
v 9.6 0.011 8
v 9.6 0.01 8
v 9.6 0.011 8
v 9.65 0.011 8
v 9.65 0.011 6.85
v 10.85 0.011 6.85
v 10.85 0.011 4.45
v 12 0.011 4.45
v 12 0.011 4.4
v 10.8 0.011 4.4
v 10.8 0.011 6.8
v 9.6 0.011 6.8
f 151 154 153
f 153 154 151
f 151 152 154
f 154 152 151
f 156 158 157
f 157 158 156
f 155 156 157
f 157 156 155
f 159 162 161
f 161 162 159
f 159 160 162
f 162 160 159
f 166 163 164
f 164 163 166
f 166 165 163
f 163 165 166
f 167 170 169
f 169 170 167
f 167 168 170
f 170 168 167
f 171 174 173
f 173 174 171
f 171 172 174
f 174 172 171
f 175 178 177
f 177 178 175
f 175 176 178
f 178 176 175
f 179 182 181
f 181 182 179
f 179 180 182
f 182 180 179
f 184 186 185
f 185 186 184
f 183 184 185
f 185 184 183
f 187 190 189
f 189 190 187
f 187 188 190
f 190 188 187
f 192 194 193
f 193 194 192
f 191 192 193
f 193 192 191
f 196 198 197
f 197 198 196
f 195 196 197
f 197 196 195
f 205 206 203
f 203 206 205
f 204 205 203
f 203 205 204
f 199 201 208
f 208 201 199
f 207 208 201
f 201 208 207
f 200 201 199
f 199 201 200
f 202 207 201
f 201 207 202
f 202 203 207
f 207 203 202
f 206 207 203
f 203 207 206
g line_light_209
usemtl line_light
v 0 0.011 5.65
v 0 0.01 5.65
v 1.5 0.011 5.65
v 1.5 0.01 5.65
v 1.5 0.011 5.65
v 1.5 0.01 5.65
v 1.5 0.011 5.6
v 1.5 0.01 5.6
v 1.5 0.011 5.6
v 1.5 0.01 5.6
v 0 0.011 5.6
v 0 0.01 5.6
v 0 0.011 5.6
v 0 0.011 5.65
v 1.5 0.011 5.65
v 1.5 0.011 5.6
v 12 0.011 2.35
v 12 0.01 2.35
v 10.5 0.011 2.35
v 10.5 0.01 2.35
v 10.5 0.011 2.35
v 10.5 0.01 2.35
v 10.5 0.011 2.4
v 10.5 0.01 2.4
v 10.5 0.011 2.4
v 10.5 0.01 2.4
v 12 0.011 2.4
v 12 0.01 2.4
v 10.5 0.011 2.4
v 12 0.011 2.4
v 10.5 0.011 2.35
v 12 0.011 2.35
f 209 212 211
f 211 212 209
f 209 210 212
f 212 210 209
f 214 216 215
f 215 216 214
f 213 214 215
f 215 214 213
f 217 220 219
f 219 220 217
f 217 218 220
f 220 218 217
f 223 221 222
f 222 221 223
f 223 224 221
f 221 224 223
f 225 228 227
f 227 228 225
f 225 226 228
f 228 226 225
f 230 232 231
f 231 232 230
f 229 230 231
f 231 230 229
f 233 236 235
f 235 236 233
f 233 234 236
f 236 234 233
f 240 237 238
f 238 237 240
f 240 239 237
f 237 239 240
g alu_241
usemtl alu
v 10.475 0.025 1.21875
v 10.075 0.025 1.21875
v 10.475 0.05 1.21875
v 10.075 0.05 1.21875
v 10.475 0.025 1.19375
v 10.075 0.025 1.19375
v 10.475 0.05 1.19375
v 10.075 0.05 1.19375
v 10.475 0.025 1.34925
v 10.075 0.025 1.34925
v 10.475 0.05 1.34925
v 10.075 0.05 1.34925
v 10.475 0.025 1.32425
v 10.075 0.025 1.32425
v 10.475 0.05 1.32425
v 10.075 0.05 1.32425
v 10.475 0.025 1.5975
v 10.475 0.025 0.8025
v 10.475 0.05 1.5975
v 10.475 0.05 0.8025
v 10.5 0.025 1.5975
v 10.5 0.025 0.8025
v 10.5 0.05 1.5975
v 10.5 0.05 0.8025
v 10.05 0.05 1.5975
v 10.05 0.05 0.8025
v 10.075 0.05 1.5975
v 10.075 0.05 0.8025
v 10.05 0.025 1.5975
v 10.05 0.025 0.8025
v 10.075 0.025 1.5975
v 10.075 0.025 0.8025
v 10.075 0.05 1.575
v 10.475 0.05 1.575
v 10.075 0.05 1.6
v 10.475 0.05 1.6
v 10.075 0.025 1.575
v 10.475 0.025 1.575
v 10.075 0.025 1.6
v 10.475 0.025 1.6
v 10.075 0.025 0.8
v 10.475 0.025 0.8
v 10.075 0.05 0.8
v 10.475 0.05 0.8
v 10.075 0.025 0.825
v 10.475 0.025 0.825
v 10.075 0.05 0.825
v 10.475 0.05 0.825
v 10.475 0.025 2.01875
v 10.075 0.025 2.01875
v 10.475 0.05 2.01875
v 10.075 0.05 2.01875
v 10.475 0.025 1.99375
v 10.075 0.025 1.99375
v 10.475 0.05 1.99375
v 10.075 0.05 1.99375
v 10.475 0.025 2.14925
v 10.075 0.025 2.14925
v 10.475 0.05 2.14925
v 10.075 0.05 2.14925
v 10.475 0.025 2.12425
v 10.075 0.025 2.12425
v 10.475 0.05 2.12425
v 10.075 0.05 2.12425
v 10.475 0.025 2.3975
v 10.475 0.025 1.6025
v 10.475 0.05 2.3975
v 10.475 0.05 1.6025
v 10.5 0.025 2.3975
v 10.5 0.025 1.6025
v 10.5 0.05 2.3975
v 10.5 0.05 1.6025
v 10.05 0.025 2.3975
v 10.05 0.025 1.6025
v 10.05 0.05 2.3975
v 10.05 0.05 1.6025
v 10.075 0.025 2.3975
v 10.075 0.025 1.6025
v 10.075 0.05 2.3975
v 10.075 0.05 1.6025
v 10.475 0.025 2.4
v 10.075 0.025 2.4
v 10.475 0.05 2.4
v 10.075 0.05 2.4
v 10.475 0.025 2.375
v 10.075 0.025 2.375
v 10.475 0.05 2.375
v 10.075 0.05 2.375
v 10.075 0.025 1.6
v 10.475 0.025 1.6
v 10.075 0.05 1.6
v 10.475 0.05 1.6
v 10.075 0.025 1.625
v 10.475 0.025 1.625
v 10.075 0.05 1.625
v 10.475 0.05 1.625
v 10.475 0.025 0.41875
v 10.075 0.025 0.41875
v 10.475 0.05 0.41875
v 10.075 0.05 0.41875
v 10.475 0.025 0.39375
v 10.075 0.025 0.39375
v 10.475 0.05 0.39375
v 10.075 0.05 0.39375
v 10.475 0.025 0.54925
v 10.075 0.025 0.54925
v 10.475 0.05 0.54925
v 10.075 0.05 0.54925
v 10.475 0.025 0.52425
v 10.075 0.025 0.52425
v 10.475 0.05 0.52425
v 10.075 0.05 0.52425
v 10.475 0.025 0.7975
v 10.475 0.025 0.0025
v 10.475 0.05 0.7975
v 10.475 0.05 0.0025
v 10.5 0.025 0.7975
v 10.5 0.025 0.0025
v 10.5 0.05 0.7975
v 10.5 0.05 0.0025
v 10.05 0.05 0.7975
v 10.05 0.05 0.0025
v 10.075 0.05 0.7975
v 10.075 0.05 0.0025
v 10.05 0.025 0.7975
v 10.05 0.025 0.0025
v 10.075 0.025 0.7975
v 10.075 0.025 0.0025
v 10.475 0.025 0.8
v 10.075 0.025 0.8
v 10.475 0.05 0.8
v 10.075 0.05 0.8
v 10.475 0.025 0.775
v 10.075 0.025 0.775
v 10.475 0.05 0.775
v 10.075 0.05 0.775
v 10.075 0.025 0
v 10.475 0.025 0
v 10.075 0.05 0
v 10.475 0.05 0
v 10.075 0.025 0.025
v 10.475 0.025 0.025
v 10.075 0.05 0.025
v 10.475 0.05 0.025
v 10.42 0.05 0.775
v 10.42 0.05 0.025
v 10.42 0.075 0.775
v 10.42 0.075 0.025
v 10.445 0.05 0.775
v 10.445 0.05 0.025
v 10.445 0.075 0.775
v 10.445 0.075 0.025
v 10.445 0.85 0.025
v 10.445 0.85 0.775
v 10.42 0.85 0.025
v 10.42 0.85 0.775
v 10.445 0.825 0.025
v 10.445 0.825 0.775
v 10.42 0.825 0.025
v 10.42 0.825 0.775
v 10.445 0.05 0
v 10.445 0.8475 0
v 10.42 0.05 0
v 10.42 0.8475 0
v 10.445 0.05 0.025
v 10.445 0.8475 0.025
v 10.42 0.05 0.025
v 10.42 0.8475 0.025
v 10.42 0.05 0.8
v 10.42 0.8475 0.8
v 10.445 0.05 0.8
v 10.445 0.8475 0.8
v 10.42 0.05 0.775
v 10.42 0.8475 0.775
v 10.445 0.05 0.775
v 10.445 0.8475 0.775
v 10.42 0.05 1.575
v 10.42 0.05 0.825
v 10.42 0.075 1.575
v 10.42 0.075 0.825
v 10.445 0.05 1.575
v 10.445 0.05 0.825
v 10.445 0.075 1.575
v 10.445 0.075 0.825
v 10.42 0.825 1.575
v 10.42 0.825 0.825
v 10.42 0.85 1.575
v 10.42 0.85 0.825
v 10.445 0.825 1.575
v 10.445 0.825 0.825
v 10.445 0.85 1.575
v 10.445 0.85 0.825
v 10.445 0.05 0.8
v 10.445 0.8475 0.8
v 10.42 0.05 0.8
v 10.42 0.8475 0.8
v 10.445 0.05 0.825
v 10.445 0.8475 0.825
v 10.42 0.05 0.825
v 10.42 0.8475 0.825
v 10.42 0.05 1.6
v 10.42 0.8475 1.6
v 10.445 0.05 1.6
v 10.445 0.8475 1.6
v 10.42 0.05 1.575
v 10.42 0.8475 1.575
v 10.445 0.05 1.575
v 10.445 0.8475 1.575
v 10.42 0.05 2.375
v 10.42 0.05 1.625
v 10.42 0.075 2.375
v 10.42 0.075 1.625
v 10.445 0.05 2.375
v 10.445 0.05 1.625
v 10.445 0.075 2.375
v 10.445 0.075 1.625
v 10.445 0.85 1.625
v 10.445 0.85 2.375
v 10.42 0.85 1.625
v 10.42 0.85 2.375
v 10.445 0.825 1.625
v 10.445 0.825 2.375
v 10.42 0.825 1.625
v 10.42 0.825 2.375
v 10.445 0.05 1.6
v 10.445 0.8475 1.6
v 10.42 0.05 1.6
v 10.42 0.8475 1.6
v 10.445 0.05 1.625
v 10.445 0.8475 1.625
v 10.42 0.05 1.625
v 10.42 0.8475 1.625
v 10.42 0.05 2.4
v 10.42 0.8475 2.4
v 10.445 0.05 2.4
v 10.445 0.8475 2.4
v 10.42 0.05 2.375
v 10.42 0.8475 2.375
v 10.445 0.05 2.375
v 10.445 0.8475 2.375
f 241 243 242
f 242 243 241
f 242 243 244
f 244 243 242
f 245 246 247
f 247 246 245
f 246 248 247
f 247 248 246
f 241 242 245
f 245 242 241
f 242 246 245
f 245 246 242
f 243 247 244
f 244 247 243
f 244 247 248
f 248 247 244
f 241 245 243
f 243 245 241
f 243 245 247
f 247 245 243
f 242 244 246
f 246 244 242
f 244 248 246
f 246 248 244
f 249 251 250
f 250 251 249
f 250 251 252
f 252 251 250
f 253 254 255
f 255 254 253
f 254 256 255
f 255 256 254
f 249 250 253
f 253 250 249
f 250 254 253
f 253 254 250
f 251 255 252
f 252 255 251
f 252 255 256
f 256 255 252
f 249 253 251
f 251 253 249
f 251 253 255
f 255 253 251
f 250 252 254
f 254 252 250
f 252 256 254
f 254 256 252
f 257 259 258
f 258 259 257
f 258 259 260
f 260 259 258
f 261 262 263
f 263 262 261
f 262 264 263
f 263 264 262
f 257 258 261
f 261 258 257
f 258 262 261
f 261 262 258
f 259 263 260
f 260 263 259
f 260 263 264
f 264 263 260
f 257 261 259
f 259 261 257
f 259 261 263
f 263 261 259
f 258 260 262
f 262 260 258
f 260 264 262
f 262 264 260
f 265 267 266
f 266 267 265
f 266 267 268
f 268 267 266
f 269 270 271
f 271 270 269
f 270 272 271
f 271 272 270
f 265 266 269
f 269 266 265
f 266 270 269
f 269 270 266
f 267 271 268
f 268 271 267
f 268 271 272
f 272 271 268
f 265 269 267
f 267 269 265
f 267 269 271
f 271 269 267
f 266 268 270
f 270 268 266
f 268 272 270
f 270 272 268
f 273 275 274
f 274 275 273
f 274 275 276
f 276 275 274
f 277 278 279
f 279 278 277
f 278 280 279
f 279 280 278
f 273 274 277
f 277 274 273
f 274 278 277
f 277 278 274
f 275 279 276
f 276 279 275
f 276 279 280
f 280 279 276
f 273 277 275
f 275 277 273
f 275 277 279
f 279 277 275
f 274 276 278
f 278 276 274
f 276 280 278
f 278 280 276
f 281 283 282
f 282 283 281
f 282 283 284
f 284 283 282
f 285 286 287
f 287 286 285
f 286 288 287
f 287 288 286
f 281 282 285
f 285 282 281
f 282 286 285
f 285 286 282
f 283 287 284
f 284 287 283
f 284 287 288
f 288 287 284
f 281 285 283
f 283 285 281
f 283 285 287
f 287 285 283
f 282 284 286
f 286 284 282
f 284 288 286
f 286 288 284
f 289 291 290
f 290 291 289
f 290 291 292
f 292 291 290
f 293 294 295
f 295 294 293
f 294 296 295
f 295 296 294
f 289 290 293
f 293 290 289
f 290 294 293
f 293 294 290
f 291 295 292
f 292 295 291
f 292 295 296
f 296 295 292
f 289 293 291
f 291 293 289
f 291 293 295
f 295 293 291
f 290 292 294
f 294 292 290
f 292 296 294
f 294 296 292
f 297 299 298
f 298 299 297
f 298 299 300
f 300 299 298
f 301 302 303
f 303 302 301
f 302 304 303
f 303 304 302
f 297 298 301
f 301 298 297
f 298 302 301
f 301 302 298
f 299 303 300
f 300 303 299
f 300 303 304
f 304 303 300
f 297 301 299
f 299 301 297
f 299 301 303
f 303 301 299
f 298 300 302
f 302 300 298
f 300 304 302
f 302 304 300
f 305 307 306
f 306 307 305
f 306 307 308
f 308 307 306
f 309 310 311
f 311 310 309
f 310 312 311
f 311 312 310
f 305 306 309
f 309 306 305
f 306 310 309
f 309 310 306
f 307 311 308
f 308 311 307
f 308 311 312
f 312 311 308
f 305 309 307
f 307 309 305
f 307 309 311
f 311 309 307
f 306 308 310
f 310 308 306
f 308 312 310
f 310 312 308
f 313 315 314
f 314 315 313
f 314 315 316
f 316 315 314
f 317 318 319
f 319 318 317
f 318 320 319
f 319 320 318
f 313 314 317
f 317 314 313
f 314 318 317
f 317 318 314
f 315 319 316
f 316 319 315
f 316 319 320
f 320 319 316
f 313 317 315
f 315 317 313
f 315 317 319
f 319 317 315
f 314 316 318
f 318 316 314
f 316 320 318
f 318 320 316
f 321 323 322
f 322 323 321
f 322 323 324
f 324 323 322
f 325 326 327
f 327 326 325
f 326 328 327
f 327 328 326
f 321 322 325
f 325 322 321
f 322 326 325
f 325 326 322
f 323 327 324
f 324 327 323
f 324 327 328
f 328 327 324
f 321 325 323
f 323 325 321
f 323 325 327
f 327 325 323
f 322 324 326
f 326 324 322
f 324 328 326
f 326 328 324
f 329 331 330
f 330 331 329
f 330 331 332
f 332 331 330
f 333 334 335
f 335 334 333
f 334 336 335
f 335 336 334
f 329 330 333
f 333 330 329
f 330 334 333
f 333 334 330
f 331 335 332
f 332 335 331
f 332 335 336
f 336 335 332
f 329 333 331
f 331 333 329
f 331 333 335
f 335 333 331
f 330 332 334
f 334 332 330
f 332 336 334
f 334 336 332
f 337 339 338
f 338 339 337
f 338 339 340
f 340 339 338
f 341 342 343
f 343 342 341
f 342 344 343
f 343 344 342
f 337 338 341
f 341 338 337
f 338 342 341
f 341 342 338
f 339 343 340
f 340 343 339
f 340 343 344
f 344 343 340
f 337 341 339
f 339 341 337
f 339 341 343
f 343 341 339
f 338 340 342
f 342 340 338
f 340 344 342
f 342 344 340
f 345 347 346
f 346 347 345
f 346 347 348
f 348 347 346
f 349 350 351
f 351 350 349
f 350 352 351
f 351 352 350
f 345 346 349
f 349 346 345
f 346 350 349
f 349 350 346
f 347 351 348
f 348 351 347
f 348 351 352
f 352 351 348
f 345 349 347
f 347 349 345
f 347 349 351
f 351 349 347
f 346 348 350
f 350 348 346
f 348 352 350
f 350 352 348
f 353 355 354
f 354 355 353
f 354 355 356
f 356 355 354
f 357 358 359
f 359 358 357
f 358 360 359
f 359 360 358
f 353 354 357
f 357 354 353
f 354 358 357
f 357 358 354
f 355 359 356
f 356 359 355
f 356 359 360
f 360 359 356
f 353 357 355
f 355 357 353
f 355 357 359
f 359 357 355
f 354 356 358
f 358 356 354
f 356 360 358
f 358 360 356
f 361 363 362
f 362 363 361
f 362 363 364
f 364 363 362
f 365 366 367
f 367 366 365
f 366 368 367
f 367 368 366
f 361 362 365
f 365 362 361
f 362 366 365
f 365 366 362
f 363 367 364
f 364 367 363
f 364 367 368
f 368 367 364
f 361 365 363
f 363 365 361
f 363 365 367
f 367 365 363
f 362 364 366
f 366 364 362
f 364 368 366
f 366 368 364
f 369 371 370
f 370 371 369
f 370 371 372
f 372 371 370
f 373 374 375
f 375 374 373
f 374 376 375
f 375 376 374
f 369 370 373
f 373 370 369
f 370 374 373
f 373 374 370
f 371 375 372
f 372 375 371
f 372 375 376
f 376 375 372
f 369 373 371
f 371 373 369
f 371 373 375
f 375 373 371
f 370 372 374
f 374 372 370
f 372 376 374
f 374 376 372
f 377 379 378
f 378 379 377
f 378 379 380
f 380 379 378
f 381 382 383
f 383 382 381
f 382 384 383
f 383 384 382
f 377 378 381
f 381 378 377
f 378 382 381
f 381 382 378
f 379 383 380
f 380 383 379
f 380 383 384
f 384 383 380
f 377 381 379
f 379 381 377
f 379 381 383
f 383 381 379
f 378 380 382
f 382 380 378
f 380 384 382
f 382 384 380
f 385 387 386
f 386 387 385
f 386 387 388
f 388 387 386
f 389 390 391
f 391 390 389
f 390 392 391
f 391 392 390
f 385 386 389
f 389 386 385
f 386 390 389
f 389 390 386
f 387 391 388
f 388 391 387
f 388 391 392
f 392 391 388
f 385 389 387
f 387 389 385
f 387 389 391
f 391 389 387
f 386 388 390
f 390 388 386
f 388 392 390
f 390 392 388
f 393 395 394
f 394 395 393
f 394 395 396
f 396 395 394
f 397 398 399
f 399 398 397
f 398 400 399
f 399 400 398
f 393 394 397
f 397 394 393
f 394 398 397
f 397 398 394
f 395 399 396
f 396 399 395
f 396 399 400
f 400 399 396
f 393 397 395
f 395 397 393
f 395 397 399
f 399 397 395
f 394 396 398
f 398 396 394
f 396 400 398
f 398 400 396
f 401 403 402
f 402 403 401
f 402 403 404
f 404 403 402
f 405 406 407
f 407 406 405
f 406 408 407
f 407 408 406
f 401 402 405
f 405 402 401
f 402 406 405
f 405 406 402
f 403 407 404
f 404 407 403
f 404 407 408
f 408 407 404
f 401 405 403
f 403 405 401
f 403 405 407
f 407 405 403
f 402 404 406
f 406 404 402
f 404 408 406
f 406 408 404
f 409 411 410
f 410 411 409
f 410 411 412
f 412 411 410
f 413 414 415
f 415 414 413
f 414 416 415
f 415 416 414
f 409 410 413
f 413 410 409
f 410 414 413
f 413 414 410
f 411 415 412
f 412 415 411
f 412 415 416
f 416 415 412
f 409 413 411
f 411 413 409
f 411 413 415
f 415 413 411
f 410 412 414
f 414 412 410
f 412 416 414
f 414 416 412
f 417 419 418
f 418 419 417
f 418 419 420
f 420 419 418
f 421 422 423
f 423 422 421
f 422 424 423
f 423 424 422
f 417 418 421
f 421 418 417
f 418 422 421
f 421 422 418
f 419 423 420
f 420 423 419
f 420 423 424
f 424 423 420
f 417 421 419
f 419 421 417
f 419 421 423
f 423 421 419
f 418 420 422
f 422 420 418
f 420 424 422
f 422 424 420
f 425 427 426
f 426 427 425
f 426 427 428
f 428 427 426
f 429 430 431
f 431 430 429
f 430 432 431
f 431 432 430
f 425 426 429
f 429 426 425
f 426 430 429
f 429 430 426
f 427 431 428
f 428 431 427
f 428 431 432
f 432 431 428
f 425 429 427
f 427 429 425
f 427 429 431
f 431 429 427
f 426 428 430
f 430 428 426
f 428 432 430
f 430 432 428
f 433 435 434
f 434 435 433
f 434 435 436
f 436 435 434
f 437 438 439
f 439 438 437
f 438 440 439
f 439 440 438
f 433 434 437
f 437 434 433
f 434 438 437
f 437 438 434
f 435 439 436
f 436 439 435
f 436 439 440
f 440 439 436
f 433 437 435
f 435 437 433
f 435 437 439
f 439 437 435
f 434 436 438
f 438 436 434
f 436 440 438
f 438 440 436
f 441 443 442
f 442 443 441
f 442 443 444
f 444 443 442
f 445 446 447
f 447 446 445
f 446 448 447
f 447 448 446
f 441 442 445
f 445 442 441
f 442 446 445
f 445 446 442
f 443 447 444
f 444 447 443
f 444 447 448
f 448 447 444
f 441 445 443
f 443 445 441
f 443 445 447
f 447 445 443
f 442 444 446
f 446 444 442
f 444 448 446
f 446 448 444
f 449 451 450
f 450 451 449
f 450 451 452
f 452 451 450
f 453 454 455
f 455 454 453
f 454 456 455
f 455 456 454
f 449 450 453
f 453 450 449
f 450 454 453
f 453 454 450
f 451 455 452
f 452 455 451
f 452 455 456
f 456 455 452
f 449 453 451
f 451 453 449
f 451 453 455
f 455 453 451
f 450 452 454
f 454 452 450
f 452 456 454
f 454 456 452
f 457 459 458
f 458 459 457
f 458 459 460
f 460 459 458
f 461 462 463
f 463 462 461
f 462 464 463
f 463 464 462
f 457 458 461
f 461 458 457
f 458 462 461
f 461 462 458
f 459 463 460
f 460 463 459
f 460 463 464
f 464 463 460
f 457 461 459
f 459 461 457
f 459 461 463
f 463 461 459
f 458 460 462
f 462 460 458
f 460 464 462
f 462 464 460
f 465 467 466
f 466 467 465
f 466 467 468
f 468 467 466
f 469 470 471
f 471 470 469
f 470 472 471
f 471 472 470
f 465 466 469
f 469 466 465
f 466 470 469
f 469 470 466
f 467 471 468
f 468 471 467
f 468 471 472
f 472 471 468
f 465 469 467
f 467 469 465
f 467 469 471
f 471 469 467
f 466 468 470
f 470 468 466
f 468 472 470
f 470 472 468
f 473 475 474
f 474 475 473
f 474 475 476
f 476 475 474
f 477 478 479
f 479 478 477
f 478 480 479
f 479 480 478
f 473 474 477
f 477 474 473
f 474 478 477
f 477 478 474
f 475 479 476
f 476 479 475
f 476 479 480
f 480 479 476
f 473 477 475
f 475 477 473
f 475 477 479
f 479 477 475
f 474 476 478
f 478 476 474
f 476 480 478
f 478 480 476
g board_481
usemtl board
v 10.5 0.025 0.8
v 10.5 0.013 0.8
v 10.05 0.025 0.8
v 10.05 0.013 0.8
v 10.05 0.025 0.8
v 10.05 0.013 0.8
v 10.05 0.025 1.6
v 10.05 0.013 1.6
v 10.05 0.025 1.6
v 10.05 0.013 1.6
v 10.5 0.025 1.6
v 10.5 0.013 1.6
v 10.5 0.025 1.6
v 10.5 0.013 1.6
v 10.5 0.025 0.8
v 10.5 0.013 0.8
v 10.5 0.025 1.6
v 10.5 0.025 0.8
v 10.05 0.025 1.6
v 10.05 0.025 0.8
v 10.5 0.013 0.8
v 10.05 0.013 0.8
v 10.5 0.013 1.6
v 10.05 0.013 1.6
v 10.5 0.025 1.6
v 10.5 0.013 1.6
v 10.05 0.025 1.6
v 10.05 0.013 1.6
v 10.05 0.025 1.6
v 10.05 0.013 1.6
v 10.05 0.025 2.4
v 10.05 0.013 2.4
v 10.05 0.025 2.4
v 10.05 0.013 2.4
v 10.5 0.025 2.4
v 10.5 0.013 2.4
v 10.5 0.025 2.4
v 10.5 0.013 2.4
v 10.5 0.025 1.6
v 10.5 0.013 1.6
v 10.5 0.025 2.4
v 10.5 0.025 1.6
v 10.05 0.025 2.4
v 10.05 0.025 1.6
v 10.5 0.013 1.6
v 10.05 0.013 1.6
v 10.5 0.013 2.4
v 10.05 0.013 2.4
v 10.5 0.025 0
v 10.5 0.013 0
v 10.05 0.025 0
v 10.05 0.013 0
v 10.05 0.025 0
v 10.05 0.013 0
v 10.05 0.025 0.8
v 10.05 0.013 0.8
v 10.05 0.025 0.8
v 10.05 0.013 0.8
v 10.5 0.025 0.8
v 10.5 0.013 0.8
v 10.5 0.025 0.8
v 10.5 0.013 0.8
v 10.5 0.025 0
v 10.5 0.013 0
v 10.5 0.025 0.8
v 10.5 0.025 0
v 10.05 0.025 0.8
v 10.05 0.025 0
v 10.5 0.013 0
v 10.05 0.013 0
v 10.5 0.013 0.8
v 10.05 0.013 0.8
f 482 483 481
f 481 483 482
f 482 484 483
f 483 484 482
f 487 485 486
f 486 485 487
f 487 486 488
f 488 486 487
f 491 489 490
f 490 489 491
f 491 490 492
f 492 490 491
f 494 495 493
f 493 495 494
f 494 496 495
f 495 496 494
f 500 499 497
f 497 499 500
f 498 500 497
f 497 500 498
f 502 503 504
f 504 503 502
f 501 503 502
f 502 503 501
f 506 507 505
f 505 507 506
f 506 508 507
f 507 508 506
f 511 509 510
f 510 509 511
f 511 510 512
f 512 510 511
f 515 513 514
f 514 513 515
f 515 514 516
f 516 514 515
f 518 519 517
f 517 519 518
f 518 520 519
f 519 520 518
f 524 523 521
f 521 523 524
f 522 524 521
f 521 524 522
f 526 527 528
f 528 527 526
f 525 527 526
f 526 527 525
f 530 531 529
f 529 531 530
f 530 532 531
f 531 532 530
f 535 533 534
f 534 533 535
f 535 534 536
f 536 534 535
f 539 537 538
f 538 537 539
f 539 538 540
f 540 538 539
f 542 543 541
f 541 543 542
f 542 544 543
f 543 544 542
f 548 547 545
f 545 547 548
f 546 548 545
f 545 548 546
f 550 551 552
f 552 551 550
f 549 551 550
f 550 551 549
g alu_553
usemtl alu
v 10.275 0.1 0.225
v 10.075 0.1 0.225
v 10.275 0.125 0.225
v 10.075 0.125 0.225
v 10.275 0.1 0.2
v 10.075 0.1 0.2
v 10.275 0.125 0.2
v 10.075 0.125 0.2
v 10.275 0.1 1.1
v 10.075 0.1 1.1
v 10.275 0.125 1.1
v 10.075 0.125 1.1
v 10.275 0.1 1.075
v 10.075 0.1 1.075
v 10.275 0.125 1.075
v 10.075 0.125 1.075
v 10.275 0.1 0.55
v 10.075 0.1 0.55
v 10.275 0.125 0.55
v 10.075 0.125 0.55
v 10.275 0.1 0.525
v 10.075 0.1 0.525
v 10.275 0.125 0.525
v 10.075 0.125 0.525
v 10.275 0.1 0.775
v 10.075 0.1 0.775
v 10.275 0.125 0.775
v 10.075 0.125 0.775
v 10.275 0.1 0.75
v 10.075 0.1 0.75
v 10.275 0.125 0.75
v 10.075 0.125 0.75
v 10.05 0.31 1.075
v 10.05 0.31 0.225
v 10.075 0.31 1.075
v 10.075 0.31 0.225
v 10.05 0.285 1.075
v 10.05 0.285 0.225
v 10.075 0.285 1.075
v 10.075 0.285 0.225
v 10.275 1.085 1.075
v 10.275 1.085 0.225
v 10.3 1.085 1.075
v 10.3 1.085 0.225
v 10.275 1.06 1.075
v 10.275 1.06 0.225
v 10.3 1.06 1.075
v 10.3 1.06 0.225
v 10.275 0.282 1.075
v 10.275 0.282 0.225
v 10.3 0.282 1.075
v 10.3 0.282 0.225
v 10.275 0.257 1.075
v 10.275 0.257 0.225
v 10.3 0.257 1.075
v 10.3 0.257 0.225
v 10.275 0.607 1.075
v 10.275 0.607 0.225
v 10.3 0.607 1.075
v 10.3 0.607 0.225
v 10.275 0.582 1.075
v 10.275 0.582 0.225
v 10.3 0.582 1.075
v 10.3 0.582 0.225
v 10.05 0.86 1.075
v 10.05 0.86 0.225
v 10.075 0.86 1.075
v 10.075 0.86 0.225
v 10.05 0.835 1.075
v 10.05 0.835 0.225
v 10.075 0.835 1.075
v 10.075 0.835 0.225
v 10.05 0.635 1.075
v 10.05 0.635 0.225
v 10.075 0.635 1.075
v 10.075 0.635 0.225
v 10.05 0.61 1.075
v 10.05 0.61 0.225
v 10.075 0.61 1.075
v 10.075 0.61 0.225
v 10.05 0.835 0.2
v 10.275 0.835 0.2
v 10.05 0.86 0.2
v 10.275 0.86 0.2
v 10.05 0.835 0.225
v 10.275 0.835 0.225
v 10.05 0.86 0.225
v 10.275 0.86 0.225
v 10.275 0.86 1.075
v 10.05 0.86 1.075
v 10.275 0.835 1.075
v 10.05 0.835 1.075
v 10.275 0.86 1.1
v 10.05 0.86 1.1
v 10.275 0.835 1.1
v 10.05 0.835 1.1
v 10.31025 1.04975 0.225
v 10.08525 0.82475 0.225
v 10.275 1.085 0.225
v 10.05 0.86 0.225
v 10.31025 1.04975 0.2
v 10.08525 0.82475 0.2
v 10.275 1.085 0.2
v 10.05 0.86 0.2
v 10.31025 1.04975 1.1
v 10.08525 0.82475 1.1
v 10.275 1.085 1.1
v 10.05 0.86 1.1
v 10.31025 1.04975 1.075
v 10.08525 0.82475 1.075
v 10.275 1.085 1.075
v 10.05 0.86 1.075
v 10.275 0.832 1.075
v 10.275 0.832 0.225
v 10.3 0.832 1.075
v 10.3 0.832 0.225
v 10.275 0.807 1.075
v 10.275 0.807 0.225
v 10.3 0.807 1.075
v 10.3 0.807 0.225
v 10.31025 1.04975 0.55
v 10.08525 0.82475 0.55
v 10.275 1.085 0.55
v 10.05 0.86 0.55
v 10.31025 1.04975 0.525
v 10.08525 0.82475 0.525
v 10.275 1.085 0.525
v 10.05 0.86 0.525
v 10.31025 1.04975 0.775
v 10.08525 0.82475 0.775
v 10.275 1.085 0.775
v 10.05 0.86 0.775
v 10.31025 1.04975 0.75
v 10.08525 0.82475 0.75
v 10.275 1.085 0.75
v 10.05 0.86 0.75
v 10.05 0.31 0.55
v 10.05 0.61 0.55
v 10.075 0.31 0.55
v 10.075 0.61 0.55
v 10.05 0.31 0.525
v 10.05 0.61 0.525
v 10.075 0.31 0.525
v 10.075 0.61 0.525
v 10.075 0.31 0.75
v 10.075 0.61 0.75
v 10.05 0.31 0.75
v 10.05 0.61 0.75
v 10.075 0.31 0.775
v 10.075 0.61 0.775
v 10.05 0.31 0.775
v 10.05 0.61 0.775
v 10.05 0.635 0.55
v 10.05 0.835 0.55
v 10.075 0.635 0.55
v 10.075 0.835 0.55
v 10.05 0.635 0.525
v 10.05 0.835 0.525
v 10.075 0.635 0.525
v 10.075 0.835 0.525
v 10.075 0.635 0.75
v 10.075 0.835 0.75
v 10.05 0.635 0.75
v 10.05 0.835 0.75
v 10.075 0.635 0.775
v 10.075 0.835 0.775
v 10.05 0.635 0.775
v 10.05 0.835 0.775
v 10.275 0.835 0.55
v 10.075 0.835 0.55
v 10.275 0.86 0.55
v 10.075 0.86 0.55
v 10.275 0.835 0.525
v 10.075 0.835 0.525
v 10.275 0.86 0.525
v 10.075 0.86 0.525
v 10.275 0.835 0.775
v 10.075 0.835 0.775
v 10.275 0.86 0.775
v 10.075 0.86 0.775
v 10.275 0.835 0.75
v 10.075 0.835 0.75
v 10.275 0.86 0.75
v 10.075 0.86 0.75
v 10.3 0.832 0.75
v 10.3 1.06 0.75
v 10.275 0.832 0.75
v 10.275 1.06 0.75
v 10.3 0.832 0.775
v 10.3 1.06 0.775
v 10.275 0.832 0.775
v 10.275 1.06 0.775
v 10.3 0.832 0.525
v 10.3 1.06 0.525
v 10.275 0.832 0.525
v 10.275 1.06 0.525
v 10.3 0.832 0.55
v 10.3 1.06 0.55
v 10.275 0.832 0.55
v 10.275 1.06 0.55
v 10.3 0.05 1.075
v 10.3 1.085 1.075
v 10.275 0.05 1.075
v 10.275 1.085 1.075
v 10.3 0.05 1.1
v 10.3 1.085 1.1
v 10.275 0.05 1.1
v 10.275 1.085 1.1
v 10.275 0.05 0.225
v 10.275 1.085 0.225
v 10.3 0.05 0.225
v 10.3 1.085 0.225
v 10.275 0.05 0.2
v 10.275 1.085 0.2
v 10.3 0.05 0.2
v 10.3 1.085 0.2
v 10.05 0.125 1.075
v 10.05 0.125 0.225
v 10.075 0.125 1.075
v 10.075 0.125 0.225
v 10.05 0.1 1.075
v 10.05 0.1 0.225
v 10.075 0.1 1.075
v 10.075 0.1 0.225
v 10.275 0.125 1.075
v 10.275 0.125 0.225
v 10.3 0.125 1.075
v 10.3 0.125 0.225
v 10.275 0.1 1.075
v 10.275 0.1 0.225
v 10.3 0.1 1.075
v 10.3 0.1 0.225
v 10.188 0.125 0.2
v 10.188 0.835 0.2
v 10.163 0.125 0.2
v 10.163 0.835 0.2
v 10.188 0.125 0.225
v 10.188 0.835 0.225
v 10.163 0.125 0.225
v 10.163 0.835 0.225
v 10.188 0.125 0.525
v 10.188 0.835 0.525
v 10.163 0.125 0.525
v 10.163 0.835 0.525
v 10.188 0.125 0.55
v 10.188 0.835 0.55
v 10.163 0.125 0.55
v 10.163 0.835 0.55
v 10.163 0.125 0.75
v 10.163 0.835 0.75
v 10.163 0.125 0.775
v 10.163 0.835 0.775
v 10.188 0.125 0.75
v 10.188 0.835 0.75
v 10.188 0.125 0.775
v 10.188 0.835 0.775
v 10.188 0.125 1.075
v 10.188 0.835 1.075
v 10.163 0.125 1.075
v 10.163 0.835 1.075
v 10.188 0.125 1.1
v 10.188 0.835 1.1
v 10.163 0.125 1.1
v 10.163 0.835 1.1
v 10.075 0.05 0.2
v 10.075 0.835 0.2
v 10.05 0.05 0.2
v 10.05 0.835 0.2
v 10.075 0.05 0.225
v 10.075 0.835 0.225
v 10.05 0.05 0.225
v 10.05 0.835 0.225
v 10.05 0.05 1.1
v 10.05 0.835 1.1
v 10.075 0.05 1.1
v 10.075 0.835 1.1
v 10.05 0.05 1.075
v 10.05 0.835 1.075
v 10.075 0.05 1.075
v 10.075 0.835 1.075
f 553 555 554
f 554 555 553
f 554 555 556
f 556 555 554
f 557 558 559
f 559 558 557
f 558 560 559
f 559 560 558
f 553 554 557
f 557 554 553
f 554 558 557
f 557 558 554
f 555 559 556
f 556 559 555
f 556 559 560
f 560 559 556
f 553 557 555
f 555 557 553
f 555 557 559
f 559 557 555
f 554 556 558
f 558 556 554
f 556 560 558
f 558 560 556
f 561 563 562
f 562 563 561
f 562 563 564
f 564 563 562
f 565 566 567
f 567 566 565
f 566 568 567
f 567 568 566
f 561 562 565
f 565 562 561
f 562 566 565
f 565 566 562
f 563 567 564
f 564 567 563
f 564 567 568
f 568 567 564
f 561 565 563
f 563 565 561
f 563 565 567
f 567 565 563
f 562 564 566
f 566 564 562
f 564 568 566
f 566 568 564
f 569 571 570
f 570 571 569
f 570 571 572
f 572 571 570
f 573 574 575
f 575 574 573
f 574 576 575
f 575 576 574
f 569 570 573
f 573 570 569
f 570 574 573
f 573 574 570
f 571 575 572
f 572 575 571
f 572 575 576
f 576 575 572
f 569 573 571
f 571 573 569
f 571 573 575
f 575 573 571
f 570 572 574
f 574 572 570
f 572 576 574
f 574 576 572
f 577 579 578
f 578 579 577
f 578 579 580
f 580 579 578
f 581 582 583
f 583 582 581
f 582 584 583
f 583 584 582
f 577 578 581
f 581 578 577
f 578 582 581
f 581 582 578
f 579 583 580
f 580 583 579
f 580 583 584
f 584 583 580
f 577 581 579
f 579 581 577
f 579 581 583
f 583 581 579
f 578 580 582
f 582 580 578
f 580 584 582
f 582 584 580
f 585 587 586
f 586 587 585
f 586 587 588
f 588 587 586
f 589 590 591
f 591 590 589
f 590 592 591
f 591 592 590
f 585 586 589
f 589 586 585
f 586 590 589
f 589 590 586
f 587 591 588
f 588 591 587
f 588 591 592
f 592 591 588
f 585 589 587
f 587 589 585
f 587 589 591
f 591 589 587
f 586 588 590
f 590 588 586
f 588 592 590
f 590 592 588
f 593 595 594
f 594 595 593
f 594 595 596
f 596 595 594
f 597 598 599
f 599 598 597
f 598 600 599
f 599 600 598
f 593 594 597
f 597 594 593
f 594 598 597
f 597 598 594
f 595 599 596
f 596 599 595
f 596 599 600
f 600 599 596
f 593 597 595
f 595 597 593
f 595 597 599
f 599 597 595
f 594 596 598
f 598 596 594
f 596 600 598
f 598 600 596
f 601 603 602
f 602 603 601
f 602 603 604
f 604 603 602
f 605 606 607
f 607 606 605
f 606 608 607
f 607 608 606
f 601 602 605
f 605 602 601
f 602 606 605
f 605 606 602
f 603 607 604
f 604 607 603
f 604 607 608
f 608 607 604
f 601 605 603
f 603 605 601
f 603 605 607
f 607 605 603
f 602 604 606
f 606 604 602
f 604 608 606
f 606 608 604
f 609 611 610
f 610 611 609
f 610 611 612
f 612 611 610
f 613 614 615
f 615 614 613
f 614 616 615
f 615 616 614
f 609 610 613
f 613 610 609
f 610 614 613
f 613 614 610
f 611 615 612
f 612 615 611
f 612 615 616
f 616 615 612
f 609 613 611
f 611 613 609
f 611 613 615
f 615 613 611
f 610 612 614
f 614 612 610
f 612 616 614
f 614 616 612
f 617 619 618
f 618 619 617
f 618 619 620
f 620 619 618
f 621 622 623
f 623 622 621
f 622 624 623
f 623 624 622
f 617 618 621
f 621 618 617
f 618 622 621
f 621 622 618
f 619 623 620
f 620 623 619
f 620 623 624
f 624 623 620
f 617 621 619
f 619 621 617
f 619 621 623
f 623 621 619
f 618 620 622
f 622 620 618
f 620 624 622
f 622 624 620
f 625 627 626
f 626 627 625
f 626 627 628
f 628 627 626
f 629 630 631
f 631 630 629
f 630 632 631
f 631 632 630
f 625 626 629
f 629 626 625
f 626 630 629
f 629 630 626
f 627 631 628
f 628 631 627
f 628 631 632
f 632 631 628
f 625 629 627
f 627 629 625
f 627 629 631
f 631 629 627
f 626 628 630
f 630 628 626
f 628 632 630
f 630 632 628
f 633 635 634
f 634 635 633
f 634 635 636
f 636 635 634
f 637 638 639
f 639 638 637
f 638 640 639
f 639 640 638
f 633 634 637
f 637 634 633
f 634 638 637
f 637 638 634
f 635 639 636
f 636 639 635
f 636 639 640
f 640 639 636
f 633 637 635
f 635 637 633
f 635 637 639
f 639 637 635
f 634 636 638
f 638 636 634
f 636 640 638
f 638 640 636
f 641 643 642
f 642 643 641
f 642 643 644
f 644 643 642
f 645 646 647
f 647 646 645
f 646 648 647
f 647 648 646
f 641 642 645
f 645 642 641
f 642 646 645
f 645 646 642
f 643 647 644
f 644 647 643
f 644 647 648
f 648 647 644
f 641 645 643
f 643 645 641
f 643 645 647
f 647 645 643
f 642 644 646
f 646 644 642
f 644 648 646
f 646 648 644
f 649 651 650
f 650 651 649
f 650 651 652
f 652 651 650
f 653 654 655
f 655 654 653
f 654 656 655
f 655 656 654
f 649 650 653
f 653 650 649
f 650 654 653
f 653 654 650
f 651 655 652
f 652 655 651
f 652 655 656
f 656 655 652
f 649 653 651
f 651 653 649
f 651 653 655
f 655 653 651
f 650 652 654
f 654 652 650
f 652 656 654
f 654 656 652
f 657 659 658
f 658 659 657
f 658 659 660
f 660 659 658
f 661 662 663
f 663 662 661
f 662 664 663
f 663 664 662
f 657 658 661
f 661 658 657
f 658 662 661
f 661 662 658
f 659 663 660
f 660 663 659
f 660 663 664
f 664 663 660
f 657 661 659
f 659 661 657
f 659 661 663
f 663 661 659
f 658 660 662
f 662 660 658
f 660 664 662
f 662 664 660
f 665 667 666
f 666 667 665
f 666 667 668
f 668 667 666
f 669 670 671
f 671 670 669
f 670 672 671
f 671 672 670
f 665 666 669
f 669 666 665
f 666 670 669
f 669 670 666
f 667 671 668
f 668 671 667
f 668 671 672
f 672 671 668
f 665 669 667
f 667 669 665
f 667 669 671
f 671 669 667
f 666 668 670
f 670 668 666
f 668 672 670
f 670 672 668
f 673 675 674
f 674 675 673
f 674 675 676
f 676 675 674
f 677 678 679
f 679 678 677
f 678 680 679
f 679 680 678
f 673 674 677
f 677 674 673
f 674 678 677
f 677 678 674
f 675 679 676
f 676 679 675
f 676 679 680
f 680 679 676
f 673 677 675
f 675 677 673
f 675 677 679
f 679 677 675
f 674 676 678
f 678 676 674
f 676 680 678
f 678 680 676
f 681 683 682
f 682 683 681
f 682 683 684
f 684 683 682
f 685 686 687
f 687 686 685
f 686 688 687
f 687 688 686
f 681 682 685
f 685 682 681
f 682 686 685
f 685 686 682
f 683 687 684
f 684 687 683
f 684 687 688
f 688 687 684
f 681 685 683
f 683 685 681
f 683 685 687
f 687 685 683
f 682 684 686
f 686 684 682
f 684 688 686
f 686 688 684
f 689 691 690
f 690 691 689
f 690 691 692
f 692 691 690
f 693 694 695
f 695 694 693
f 694 696 695
f 695 696 694
f 689 690 693
f 693 690 689
f 690 694 693
f 693 694 690
f 691 695 692
f 692 695 691
f 692 695 696
f 696 695 692
f 689 693 691
f 691 693 689
f 691 693 695
f 695 693 691
f 690 692 694
f 694 692 690
f 692 696 694
f 694 696 692
f 697 699 698
f 698 699 697
f 698 699 700
f 700 699 698
f 701 702 703
f 703 702 701
f 702 704 703
f 703 704 702
f 697 698 701
f 701 698 697
f 698 702 701
f 701 702 698
f 699 703 700
f 700 703 699
f 700 703 704
f 704 703 700
f 697 701 699
f 699 701 697
f 699 701 703
f 703 701 699
f 698 700 702
f 702 700 698
f 700 704 702
f 702 704 700
f 705 707 706
f 706 707 705
f 706 707 708
f 708 707 706
f 709 710 711
f 711 710 709
f 710 712 711
f 711 712 710
f 705 706 709
f 709 706 705
f 706 710 709
f 709 710 706
f 707 711 708
f 708 711 707
f 708 711 712
f 712 711 708
f 705 709 707
f 707 709 705
f 707 709 711
f 711 709 707
f 706 708 710
f 710 708 706
f 708 712 710
f 710 712 708
f 713 715 714
f 714 715 713
f 714 715 716
f 716 715 714
f 717 718 719
f 719 718 717
f 718 720 719
f 719 720 718
f 713 714 717
f 717 714 713
f 714 718 717
f 717 718 714
f 715 719 716
f 716 719 715
f 716 719 720
f 720 719 716
f 713 717 715
f 715 717 713
f 715 717 719
f 719 717 715
f 714 716 718
f 718 716 714
f 716 720 718
f 718 720 716
f 721 723 722
f 722 723 721
f 722 723 724
f 724 723 722
f 725 726 727
f 727 726 725
f 726 728 727
f 727 728 726
f 721 722 725
f 725 722 721
f 722 726 725
f 725 726 722
f 723 727 724
f 724 727 723
f 724 727 728
f 728 727 724
f 721 725 723
f 723 725 721
f 723 725 727
f 727 725 723
f 722 724 726
f 726 724 722
f 724 728 726
f 726 728 724
f 729 731 730
f 730 731 729
f 730 731 732
f 732 731 730
f 733 734 735
f 735 734 733
f 734 736 735
f 735 736 734
f 729 730 733
f 733 730 729
f 730 734 733
f 733 734 730
f 731 735 732
f 732 735 731
f 732 735 736
f 736 735 732
f 729 733 731
f 731 733 729
f 731 733 735
f 735 733 731
f 730 732 734
f 734 732 730
f 732 736 734
f 734 736 732
f 737 739 738
f 738 739 737
f 738 739 740
f 740 739 738
f 741 742 743
f 743 742 741
f 742 744 743
f 743 744 742
f 737 738 741
f 741 738 737
f 738 742 741
f 741 742 738
f 739 743 740
f 740 743 739
f 740 743 744
f 744 743 740
f 737 741 739
f 739 741 737
f 739 741 743
f 743 741 739
f 738 740 742
f 742 740 738
f 740 744 742
f 742 744 740
f 745 747 746
f 746 747 745
f 746 747 748
f 748 747 746
f 749 750 751
f 751 750 749
f 750 752 751
f 751 752 750
f 745 746 749
f 749 746 745
f 746 750 749
f 749 750 746
f 747 751 748
f 748 751 747
f 748 751 752
f 752 751 748
f 745 749 747
f 747 749 745
f 747 749 751
f 751 749 747
f 746 748 750
f 750 748 746
f 748 752 750
f 750 752 748
f 753 755 754
f 754 755 753
f 754 755 756
f 756 755 754
f 757 758 759
f 759 758 757
f 758 760 759
f 759 760 758
f 753 754 757
f 757 754 753
f 754 758 757
f 757 758 754
f 755 759 756
f 756 759 755
f 756 759 760
f 760 759 756
f 753 757 755
f 755 757 753
f 755 757 759
f 759 757 755
f 754 756 758
f 758 756 754
f 756 760 758
f 758 760 756
f 761 763 762
f 762 763 761
f 762 763 764
f 764 763 762
f 765 766 767
f 767 766 765
f 766 768 767
f 767 768 766
f 761 762 765
f 765 762 761
f 762 766 765
f 765 766 762
f 763 767 764
f 764 767 763
f 764 767 768
f 768 767 764
f 761 765 763
f 763 765 761
f 763 765 767
f 767 765 763
f 762 764 766
f 766 764 762
f 764 768 766
f 766 768 764
f 769 771 770
f 770 771 769
f 770 771 772
f 772 771 770
f 773 774 775
f 775 774 773
f 774 776 775
f 775 776 774
f 769 770 773
f 773 770 769
f 770 774 773
f 773 774 770
f 771 775 772
f 772 775 771
f 772 775 776
f 776 775 772
f 769 773 771
f 771 773 769
f 771 773 775
f 775 773 771
f 770 772 774
f 774 772 770
f 772 776 774
f 774 776 772
f 777 779 778
f 778 779 777
f 778 779 780
f 780 779 778
f 781 782 783
f 783 782 781
f 782 784 783
f 783 784 782
f 777 778 781
f 781 778 777
f 778 782 781
f 781 782 778
f 779 783 780
f 780 783 779
f 780 783 784
f 784 783 780
f 777 781 779
f 779 781 777
f 779 781 783
f 783 781 779
f 778 780 782
f 782 780 778
f 780 784 782
f 782 784 780
f 785 787 786
f 786 787 785
f 786 787 788
f 788 787 786
f 789 790 791
f 791 790 789
f 790 792 791
f 791 792 790
f 785 786 789
f 789 786 785
f 786 790 789
f 789 790 786
f 787 791 788
f 788 791 787
f 788 791 792
f 792 791 788
f 785 789 787
f 787 789 785
f 787 789 791
f 791 789 787
f 786 788 790
f 790 788 786
f 788 792 790
f 790 792 788
f 793 795 794
f 794 795 793
f 794 795 796
f 796 795 794
f 797 798 799
f 799 798 797
f 798 800 799
f 799 800 798
f 793 794 797
f 797 794 793
f 794 798 797
f 797 798 794
f 795 799 796
f 796 799 795
f 796 799 800
f 800 799 796
f 793 797 795
f 795 797 793
f 795 797 799
f 799 797 795
f 794 796 798
f 798 796 794
f 796 800 798
f 798 800 796
f 801 803 802
f 802 803 801
f 802 803 804
f 804 803 802
f 805 806 807
f 807 806 805
f 806 808 807
f 807 808 806
f 801 802 805
f 805 802 801
f 802 806 805
f 805 806 802
f 803 807 804
f 804 807 803
f 804 807 808
f 808 807 804
f 801 805 803
f 803 805 801
f 803 805 807
f 807 805 803
f 802 804 806
f 806 804 802
f 804 808 806
f 806 808 804
f 809 811 810
f 810 811 809
f 810 811 812
f 812 811 810
f 813 814 815
f 815 814 813
f 814 816 815
f 815 816 814
f 809 810 813
f 813 810 809
f 810 814 813
f 813 814 810
f 811 815 812
f 812 815 811
f 812 815 816
f 816 815 812
f 809 813 811
f 811 813 809
f 811 813 815
f 815 813 811
f 810 812 814
f 814 812 810
f 812 816 814
f 814 816 812
f 817 819 818
f 818 819 817
f 818 819 820
f 820 819 818
f 821 822 823
f 823 822 821
f 822 824 823
f 823 824 822
f 817 818 821
f 821 818 817
f 818 822 821
f 821 822 818
f 819 823 820
f 820 823 819
f 820 823 824
f 824 823 820
f 817 821 819
f 819 821 817
f 819 821 823
f 823 821 819
f 818 820 822
f 822 820 818
f 820 824 822
f 822 824 820
f 825 827 826
f 826 827 825
f 826 827 828
f 828 827 826
f 829 830 831
f 831 830 829
f 830 832 831
f 831 832 830
f 825 826 829
f 829 826 825
f 826 830 829
f 829 830 826
f 827 831 828
f 828 831 827
f 828 831 832
f 832 831 828
f 825 829 827
f 827 829 825
f 827 829 831
f 831 829 827
f 826 828 830
f 830 828 826
f 828 832 830
f 830 832 828
g shelf_833
usemtl shelf
v 10.3 0.282 0.525
v 10.3 0.285 0.525
v 10.05 0.282 0.525
v 10.05 0.285 0.525
v 10.05 0.282 0.525
v 10.05 0.285 0.525
v 10.05 0.282 0.225
v 10.05 0.285 0.225
v 10.05 0.282 0.225
v 10.05 0.285 0.225
v 10.3 0.282 0.225
v 10.3 0.285 0.225
v 10.3 0.282 0.225
v 10.3 0.285 0.225
v 10.3 0.282 0.525
v 10.3 0.285 0.525
v 10.3 0.282 0.225
v 10.3 0.282 0.525
v 10.05 0.282 0.225
v 10.05 0.282 0.525
v 10.3 0.285 0.525
v 10.05 0.285 0.525
v 10.3 0.285 0.225
v 10.05 0.285 0.225
v 10.3 0.282 0.75
v 10.3 0.285 0.75
v 10.05 0.282 0.75
v 10.05 0.285 0.75
v 10.05 0.282 0.75
v 10.05 0.285 0.75
v 10.05 0.282 0.55
v 10.05 0.285 0.55
v 10.05 0.282 0.55
v 10.05 0.285 0.55
v 10.3 0.282 0.55
v 10.3 0.285 0.55
v 10.3 0.282 0.55
v 10.3 0.285 0.55
v 10.3 0.282 0.75
v 10.3 0.285 0.75
v 10.3 0.282 0.55
v 10.3 0.282 0.75
v 10.05 0.282 0.55
v 10.05 0.282 0.75
v 10.3 0.285 0.75
v 10.05 0.285 0.75
v 10.3 0.285 0.55
v 10.05 0.285 0.55
v 10.3 0.282 1.075
v 10.3 0.285 1.075
v 10.05 0.282 1.075
v 10.05 0.285 1.075
v 10.05 0.282 1.075
v 10.05 0.285 1.075
v 10.05 0.282 0.775
v 10.05 0.285 0.775
v 10.05 0.282 0.775
v 10.05 0.285 0.775
v 10.3 0.282 0.775
v 10.3 0.285 0.775
v 10.3 0.282 0.775
v 10.3 0.285 0.775
v 10.3 0.282 1.075
v 10.3 0.285 1.075
v 10.3 0.282 0.775
v 10.3 0.282 1.075
v 10.05 0.282 0.775
v 10.05 0.282 1.075
v 10.3 0.285 1.075
v 10.05 0.285 1.075
v 10.3 0.285 0.775
v 10.05 0.285 0.775
v 10.3 0.607 0.525
v 10.3 0.61 0.525
v 10.05 0.607 0.525
v 10.05 0.61 0.525
v 10.05 0.607 0.525
v 10.05 0.61 0.525
v 10.05 0.607 0.225
v 10.05 0.61 0.225
v 10.05 0.607 0.225
v 10.05 0.61 0.225
v 10.3 0.607 0.225
v 10.3 0.61 0.225
v 10.3 0.607 0.225
v 10.3 0.61 0.225
v 10.3 0.607 0.525
v 10.3 0.61 0.525
v 10.3 0.607 0.225
v 10.3 0.607 0.525
v 10.05 0.607 0.225
v 10.05 0.607 0.525
v 10.3 0.61 0.525
v 10.05 0.61 0.525
v 10.3 0.61 0.225
v 10.05 0.61 0.225
v 10.3 0.607 0.75
v 10.3 0.61 0.75
v 10.05 0.607 0.75
v 10.05 0.61 0.75
v 10.05 0.607 0.75
v 10.05 0.61 0.75
v 10.05 0.607 0.55
v 10.05 0.61 0.55
v 10.05 0.607 0.55
v 10.05 0.61 0.55
v 10.3 0.607 0.55
v 10.3 0.61 0.55
v 10.3 0.607 0.55
v 10.3 0.61 0.55
v 10.3 0.607 0.75
v 10.3 0.61 0.75
v 10.3 0.607 0.55
v 10.3 0.607 0.75
v 10.05 0.607 0.55
v 10.05 0.607 0.75
v 10.3 0.61 0.75
v 10.05 0.61 0.75
v 10.3 0.61 0.55
v 10.05 0.61 0.55
v 10.3 0.61 0.775
v 10.3 0.607 0.775
v 10.05 0.61 0.775
v 10.05 0.607 0.775
v 10.05 0.61 0.775
v 10.05 0.607 0.775
v 10.05 0.61 1.075
v 10.05 0.607 1.075
v 10.05 0.61 1.075
v 10.05 0.607 1.075
v 10.3 0.61 1.075
v 10.3 0.607 1.075
v 10.3 0.61 1.075
v 10.3 0.607 1.075
v 10.3 0.61 0.775
v 10.3 0.607 0.775
v 10.3 0.61 1.075
v 10.3 0.61 0.775
v 10.05 0.61 1.075
v 10.05 0.61 0.775
v 10.3 0.607 0.775
v 10.05 0.607 0.775
v 10.3 0.607 1.075
v 10.05 0.607 1.075
v 10.3 0.832 0.525
v 10.3 0.835 0.525
v 10.05 0.832 0.525
v 10.05 0.835 0.525
v 10.05 0.832 0.525
v 10.05 0.835 0.525
v 10.05 0.832 0.225
v 10.05 0.835 0.225
v 10.05 0.832 0.225
v 10.05 0.835 0.225
v 10.3 0.832 0.225
v 10.3 0.835 0.225
v 10.3 0.832 0.225
v 10.3 0.835 0.225
v 10.3 0.832 0.525
v 10.3 0.835 0.525
v 10.3 0.832 0.225
v 10.3 0.832 0.525
v 10.05 0.832 0.225
v 10.05 0.832 0.525
v 10.3 0.835 0.525
v 10.05 0.835 0.525
v 10.3 0.835 0.225
v 10.05 0.835 0.225
v 10.3 0.832 0.75
v 10.3 0.835 0.75
v 10.05 0.832 0.75
v 10.05 0.835 0.75
v 10.05 0.832 0.75
v 10.05 0.835 0.75
v 10.05 0.832 0.55
v 10.05 0.835 0.55
v 10.05 0.832 0.55
v 10.05 0.835 0.55
v 10.3 0.832 0.55
v 10.3 0.835 0.55
v 10.3 0.832 0.55
v 10.3 0.835 0.55
v 10.3 0.832 0.75
v 10.3 0.835 0.75
v 10.3 0.832 0.55
v 10.3 0.832 0.75
v 10.05 0.832 0.55
v 10.05 0.832 0.75
v 10.3 0.835 0.75
v 10.05 0.835 0.75
v 10.3 0.835 0.55
v 10.05 0.835 0.55
v 10.3 0.832 1.075
v 10.3 0.835 1.075
v 10.05 0.832 1.075
v 10.05 0.835 1.075
v 10.05 0.832 1.075
v 10.05 0.835 1.075
v 10.05 0.832 0.775
v 10.05 0.835 0.775
v 10.05 0.832 0.775
v 10.05 0.835 0.775
v 10.3 0.832 0.775
v 10.3 0.835 0.775
v 10.3 0.832 0.775
v 10.3 0.835 0.775
v 10.3 0.832 1.075
v 10.3 0.835 1.075
v 10.3 0.832 0.775
v 10.3 0.832 1.075
v 10.05 0.832 0.775
v 10.05 0.832 1.075
v 10.3 0.835 1.075
v 10.05 0.835 1.075
v 10.3 0.835 0.775
v 10.05 0.835 0.775
f 833 836 835
f 835 836 833
f 834 836 833
f 833 836 834
f 840 837 838
f 838 837 840
f 839 837 840
f 840 837 839
f 844 841 842
f 842 841 844
f 843 841 844
f 844 841 843
f 845 848 847
f 847 848 845
f 846 848 845
f 845 848 846
f 850 851 849
f 849 851 850
f 850 852 851
f 851 852 850
f 853 855 856
f 856 855 853
f 853 856 854
f 854 856 853
f 857 860 859
f 859 860 857
f 858 860 857
f 857 860 858
f 863 861 862
f 862 861 863
f 863 862 864
f 864 862 863
f 868 865 866
f 866 865 868
f 867 865 868
f 868 865 867
f 870 871 869
f 869 871 870
f 870 872 871
f 871 872 870
f 874 875 873
f 873 875 874
f 874 876 875
f 875 876 874
f 877 879 880
f 880 879 877
f 877 880 878
f 878 880 877
f 881 884 883
f 883 884 881
f 882 884 881
f 881 884 882
f 888 885 886
f 886 885 888
f 887 885 888
f 888 885 887
f 892 889 890
f 890 889 892
f 891 889 892
f 892 889 891
f 893 896 895
f 895 896 893
f 894 896 893
f 893 896 894
f 898 899 897
f 897 899 898
f 898 900 899
f 899 900 898
f 901 903 904
f 904 903 901
f 901 904 902
f 902 904 901
f 905 908 907
f 907 908 905
f 906 908 905
f 905 908 906
f 912 909 910
f 910 909 912
f 911 909 912
f 912 909 911
f 916 913 914
f 914 913 916
f 915 913 916
f 916 913 915
f 917 920 919
f 919 920 917
f 918 920 917
f 917 920 918
f 922 923 921
f 921 923 922
f 922 924 923
f 923 924 922
f 925 927 928
f 928 927 925
f 925 928 926
f 926 928 925
f 929 932 931
f 931 932 929
f 930 932 929
f 929 932 930
f 935 933 934
f 934 933 935
f 935 934 936
f 936 934 935
f 940 937 938
f 938 937 940
f 939 937 940
f 940 937 939
f 942 943 941
f 941 943 942
f 942 944 943
f 943 944 942
f 946 947 945
f 945 947 946
f 946 948 947
f 947 948 946
f 949 951 952
f 952 951 949
f 949 952 950
f 950 952 949
f 953 956 955
f 955 956 953
f 954 956 953
f 953 956 954
f 960 957 958
f 958 957 960
f 959 957 960
f 960 957 959
f 964 961 962
f 962 961 964
f 963 961 964
f 964 961 963
f 965 968 967
f 967 968 965
f 966 968 965
f 965 968 966
f 970 971 969
f 969 971 970
f 970 972 971
f 971 972 970
f 973 975 976
f 976 975 973
f 973 976 974
f 974 976 973
f 977 980 979
f 979 980 977
f 978 980 977
f 977 980 978
f 984 981 982
f 982 981 984
f 983 981 984
f 984 981 983
f 988 985 986
f 986 985 988
f 987 985 988
f 988 985 987
f 989 992 991
f 991 992 989
f 990 992 989
f 989 992 990
f 994 995 993
f 993 995 994
f 994 996 995
f 995 996 994
f 997 999 1000
f 1000 999 997
f 997 1000 998
f 998 1000 997
f 1001 1004 1003
f 1003 1004 1001
f 1002 1004 1001
f 1001 1004 1002
f 1007 1005 1006
f 1006 1005 1007
f 1007 1006 1008
f 1008 1006 1007
f 1012 1009 1010
f 1010 1009 1012
f 1011 1009 1012
f 1012 1009 1011
f 1014 1015 1013
f 1013 1015 1014
f 1014 1016 1015
f 1015 1016 1014
f 1018 1019 1017
f 1017 1019 1018
f 1018 1020 1019
f 1019 1020 1018
f 1021 1023 1024
f 1024 1023 1021
f 1021 1024 1022
f 1022 1024 1021
f 1025 1028 1027
f 1027 1028 1025
f 1026 1028 1025
f 1025 1028 1026
f 1032 1029 1030
f 1030 1029 1032
f 1031 1029 1032
f 1032 1029 1031
f 1036 1033 1034
f 1034 1033 1036
f 1035 1033 1036
f 1036 1033 1035
f 1037 1040 1039
f 1039 1040 1037
f 1038 1040 1037
f 1037 1040 1038
f 1042 1043 1041
f 1041 1043 1042
f 1042 1044 1043
f 1043 1044 1042
f 1045 1047 1048
f 1048 1047 1045
f 1045 1048 1046
f 1046 1048 1045
g alu_1049
usemtl alu
v 10.05 0.285 2.4
v 10.05 0.285 1.72
v 10.05 0.31 2.4
v 10.05 0.31 1.72
v 10.075 0.285 2.4
v 10.075 0.285 1.72
v 10.075 0.31 2.4
v 10.075 0.31 1.72
v 10.205 0.285 2.4
v 10.205 0.285 1.72
v 10.205 0.31 2.4
v 10.205 0.31 1.72
v 10.23 0.285 2.4
v 10.23 0.285 1.72
v 10.23 0.31 2.4
v 10.23 0.31 1.72
v 10.205 0.435 1.72
v 10.205 0.435 1.3
v 10.205 0.46 1.72
v 10.205 0.46 1.3
v 10.23 0.435 1.72
v 10.23 0.435 1.3
v 10.23 0.46 1.72
v 10.23 0.46 1.3
v 10.05 0.435 1.72
v 10.05 0.435 1.3
v 10.05 0.46 1.72
v 10.05 0.46 1.3
v 10.075 0.435 1.72
v 10.075 0.435 1.3
v 10.075 0.46 1.72
v 10.075 0.46 1.3
v 10.075 0.05 1.3
v 10.075 0.435 1.3
v 10.05 0.05 1.3
v 10.05 0.435 1.3
v 10.075 0.05 1.325
v 10.075 0.435 1.325
v 10.05 0.05 1.325
v 10.05 0.435 1.325
v 10.205 0.05 1.3
v 10.205 0.435 1.3
v 10.205 0.05 1.325
v 10.205 0.435 1.325
v 10.23 0.05 1.3
v 10.23 0.435 1.3
v 10.23 0.05 1.325
v 10.23 0.435 1.325
v 10.075 0.05 1.695
v 10.075 0.435 1.695
v 10.05 0.05 1.695
v 10.05 0.435 1.695
v 10.075 0.05 1.72
v 10.075 0.435 1.72
v 10.05 0.05 1.72
v 10.05 0.435 1.72
v 10.205 0.05 1.695
v 10.205 0.435 1.695
v 10.205 0.05 1.72
v 10.205 0.435 1.72
v 10.23 0.05 1.695
v 10.23 0.435 1.695
v 10.23 0.05 1.72
v 10.23 0.435 1.72
v 10.05 0.05 2.375
v 10.05 0.285 2.375
v 10.05 0.05 2.4
v 10.05 0.285 2.4
v 10.075 0.05 2.375
v 10.075 0.285 2.375
v 10.075 0.05 2.4
v 10.075 0.285 2.4
v 10.205 0.05 2.375
v 10.205 0.285 2.375
v 10.205 0.05 2.4
v 10.205 0.285 2.4
v 10.23 0.05 2.375
v 10.23 0.285 2.375
v 10.23 0.05 2.4
v 10.23 0.285 2.4
v 10.05 0.17 2.375
v 10.05 0.17 1.72
v 10.05 0.195 2.375
v 10.05 0.195 1.72
v 10.075 0.17 2.375
v 10.075 0.17 1.72
v 10.075 0.195 2.375
v 10.075 0.195 1.72
v 10.205 0.17 2.375
v 10.205 0.17 1.72
v 10.205 0.195 2.375
v 10.205 0.195 1.72
v 10.23 0.17 2.375
v 10.23 0.17 1.72
v 10.23 0.195 2.375
v 10.23 0.195 1.72
v 10.075 0.195 1.325
v 10.075 0.195 1.695
v 10.05 0.195 1.325
v 10.05 0.195 1.695
v 10.075 0.17 1.325
v 10.075 0.17 1.695
v 10.05 0.17 1.325
v 10.05 0.17 1.695
v 10.205 0.195 1.325
v 10.205 0.195 1.695
v 10.205 0.17 1.325
v 10.205 0.17 1.695
v 10.23 0.195 1.325
v 10.23 0.195 1.695
v 10.23 0.17 1.325
v 10.23 0.17 1.695
v 10.205 0.435 1.325
v 10.075 0.435 1.325
v 10.205 0.46 1.325
v 10.075 0.46 1.325
v 10.205 0.435 1.3
v 10.075 0.435 1.3
v 10.205 0.46 1.3
v 10.075 0.46 1.3
v 10.205 0.435 1.72
v 10.075 0.435 1.72
v 10.205 0.46 1.72
v 10.075 0.46 1.72
v 10.205 0.435 1.695
v 10.075 0.435 1.695
v 10.205 0.46 1.695
v 10.075 0.46 1.695
v 10.205 0.285 2.4
v 10.075 0.285 2.4
v 10.205 0.31 2.4
v 10.075 0.31 2.4
v 10.205 0.285 2.375
v 10.075 0.285 2.375
v 10.205 0.31 2.375
v 10.075 0.31 2.375
v 10.205 0.435 1.48
v 10.075 0.435 1.48
v 10.205 0.46 1.48
v 10.075 0.46 1.48
v 10.205 0.435 1.455
v 10.075 0.435 1.455
v 10.205 0.46 1.455
v 10.075 0.46 1.455
v 10.205 0.435 1.565
v 10.075 0.435 1.565
v 10.205 0.46 1.565
v 10.075 0.46 1.565
v 10.205 0.435 1.54
v 10.075 0.435 1.54
v 10.205 0.46 1.54
v 10.075 0.46 1.54
v 10.205 0.285 2.245
v 10.075 0.285 2.245
v 10.205 0.31 2.245
v 10.075 0.31 2.245
v 10.205 0.285 2.22
v 10.075 0.285 2.22
v 10.205 0.31 2.22
v 10.075 0.31 2.22
v 10.205 0.285 2.16
v 10.075 0.285 2.16
v 10.205 0.31 2.16
v 10.075 0.31 2.16
v 10.205 0.285 2.135
v 10.075 0.285 2.135
v 10.205 0.31 2.135
v 10.075 0.31 2.135
v 10.205 0.285 2.005
v 10.075 0.285 2.005
v 10.205 0.31 2.005
v 10.075 0.31 2.005
v 10.205 0.285 1.98
v 10.075 0.285 1.98
v 10.205 0.31 1.98
v 10.075 0.31 1.98
v 10.205 0.285 1.92
v 10.075 0.285 1.92
v 10.205 0.31 1.92
v 10.075 0.31 1.92
v 10.205 0.285 1.895
v 10.075 0.285 1.895
v 10.205 0.31 1.895
v 10.075 0.31 1.895
v 10.205 0.285 1.765
v 10.075 0.285 1.765
v 10.205 0.31 1.765
v 10.075 0.31 1.765
v 10.205 0.285 1.74
v 10.075 0.285 1.74
v 10.205 0.31 1.74
v 10.075 0.31 1.74
f 1049 1051 1050
f 1050 1051 1049
f 1050 1051 1052
f 1052 1051 1050
f 1053 1054 1055
f 1055 1054 1053
f 1054 1056 1055
f 1055 1056 1054
f 1049 1050 1053
f 1053 1050 1049
f 1050 1054 1053
f 1053 1054 1050
f 1051 1055 1052
f 1052 1055 1051
f 1052 1055 1056
f 1056 1055 1052
f 1049 1053 1051
f 1051 1053 1049
f 1051 1053 1055
f 1055 1053 1051
f 1050 1052 1054
f 1054 1052 1050
f 1052 1056 1054
f 1054 1056 1052
f 1057 1059 1058
f 1058 1059 1057
f 1058 1059 1060
f 1060 1059 1058
f 1061 1062 1063
f 1063 1062 1061
f 1062 1064 1063
f 1063 1064 1062
f 1057 1058 1061
f 1061 1058 1057
f 1058 1062 1061
f 1061 1062 1058
f 1059 1063 1060
f 1060 1063 1059
f 1060 1063 1064
f 1064 1063 1060
f 1057 1061 1059
f 1059 1061 1057
f 1059 1061 1063
f 1063 1061 1059
f 1058 1060 1062
f 1062 1060 1058
f 1060 1064 1062
f 1062 1064 1060
f 1065 1067 1066
f 1066 1067 1065
f 1066 1067 1068
f 1068 1067 1066
f 1069 1070 1071
f 1071 1070 1069
f 1070 1072 1071
f 1071 1072 1070
f 1065 1066 1069
f 1069 1066 1065
f 1066 1070 1069
f 1069 1070 1066
f 1067 1071 1068
f 1068 1071 1067
f 1068 1071 1072
f 1072 1071 1068
f 1065 1069 1067
f 1067 1069 1065
f 1067 1069 1071
f 1071 1069 1067
f 1066 1068 1070
f 1070 1068 1066
f 1068 1072 1070
f 1070 1072 1068
f 1073 1075 1074
f 1074 1075 1073
f 1074 1075 1076
f 1076 1075 1074
f 1077 1078 1079
f 1079 1078 1077
f 1078 1080 1079
f 1079 1080 1078
f 1073 1074 1077
f 1077 1074 1073
f 1074 1078 1077
f 1077 1078 1074
f 1075 1079 1076
f 1076 1079 1075
f 1076 1079 1080
f 1080 1079 1076
f 1073 1077 1075
f 1075 1077 1073
f 1075 1077 1079
f 1079 1077 1075
f 1074 1076 1078
f 1078 1076 1074
f 1076 1080 1078
f 1078 1080 1076
f 1081 1083 1082
f 1082 1083 1081
f 1082 1083 1084
f 1084 1083 1082
f 1085 1086 1087
f 1087 1086 1085
f 1086 1088 1087
f 1087 1088 1086
f 1081 1082 1085
f 1085 1082 1081
f 1082 1086 1085
f 1085 1086 1082
f 1083 1087 1084
f 1084 1087 1083
f 1084 1087 1088
f 1088 1087 1084
f 1081 1085 1083
f 1083 1085 1081
f 1083 1085 1087
f 1087 1085 1083
f 1082 1084 1086
f 1086 1084 1082
f 1084 1088 1086
f 1086 1088 1084
f 1089 1091 1090
f 1090 1091 1089
f 1090 1091 1092
f 1092 1091 1090
f 1093 1094 1095
f 1095 1094 1093
f 1094 1096 1095
f 1095 1096 1094
f 1089 1090 1093
f 1093 1090 1089
f 1090 1094 1093
f 1093 1094 1090
f 1091 1095 1092
f 1092 1095 1091
f 1092 1095 1096
f 1096 1095 1092
f 1089 1093 1091
f 1091 1093 1089
f 1091 1093 1095
f 1095 1093 1091
f 1090 1092 1094
f 1094 1092 1090
f 1092 1096 1094
f 1094 1096 1092
f 1097 1099 1098
f 1098 1099 1097
f 1098 1099 1100
f 1100 1099 1098
f 1101 1102 1103
f 1103 1102 1101
f 1102 1104 1103
f 1103 1104 1102
f 1097 1098 1101
f 1101 1098 1097
f 1098 1102 1101
f 1101 1102 1098
f 1099 1103 1100
f 1100 1103 1099
f 1100 1103 1104
f 1104 1103 1100
f 1097 1101 1099
f 1099 1101 1097
f 1099 1101 1103
f 1103 1101 1099
f 1098 1100 1102
f 1102 1100 1098
f 1100 1104 1102
f 1102 1104 1100
f 1105 1107 1106
f 1106 1107 1105
f 1106 1107 1108
f 1108 1107 1106
f 1109 1110 1111
f 1111 1110 1109
f 1110 1112 1111
f 1111 1112 1110
f 1105 1106 1109
f 1109 1106 1105
f 1106 1110 1109
f 1109 1110 1106
f 1107 1111 1108
f 1108 1111 1107
f 1108 1111 1112
f 1112 1111 1108
f 1105 1109 1107
f 1107 1109 1105
f 1107 1109 1111
f 1111 1109 1107
f 1106 1108 1110
f 1110 1108 1106
f 1108 1112 1110
f 1110 1112 1108
f 1113 1115 1114
f 1114 1115 1113
f 1114 1115 1116
f 1116 1115 1114
f 1117 1118 1119
f 1119 1118 1117
f 1118 1120 1119
f 1119 1120 1118
f 1113 1114 1117
f 1117 1114 1113
f 1114 1118 1117
f 1117 1118 1114
f 1115 1119 1116
f 1116 1119 1115
f 1116 1119 1120
f 1120 1119 1116
f 1113 1117 1115
f 1115 1117 1113
f 1115 1117 1119
f 1119 1117 1115
f 1114 1116 1118
f 1118 1116 1114
f 1116 1120 1118
f 1118 1120 1116
f 1121 1123 1122
f 1122 1123 1121
f 1122 1123 1124
f 1124 1123 1122
f 1125 1126 1127
f 1127 1126 1125
f 1126 1128 1127
f 1127 1128 1126
f 1121 1122 1125
f 1125 1122 1121
f 1122 1126 1125
f 1125 1126 1122
f 1123 1127 1124
f 1124 1127 1123
f 1124 1127 1128
f 1128 1127 1124
f 1121 1125 1123
f 1123 1125 1121
f 1123 1125 1127
f 1127 1125 1123
f 1122 1124 1126
f 1126 1124 1122
f 1124 1128 1126
f 1126 1128 1124
f 1129 1131 1130
f 1130 1131 1129
f 1130 1131 1132
f 1132 1131 1130
f 1133 1134 1135
f 1135 1134 1133
f 1134 1136 1135
f 1135 1136 1134
f 1129 1130 1133
f 1133 1130 1129
f 1130 1134 1133
f 1133 1134 1130
f 1131 1135 1132
f 1132 1135 1131
f 1132 1135 1136
f 1136 1135 1132
f 1129 1133 1131
f 1131 1133 1129
f 1131 1133 1135
f 1135 1133 1131
f 1130 1132 1134
f 1134 1132 1130
f 1132 1136 1134
f 1134 1136 1132
f 1137 1139 1138
f 1138 1139 1137
f 1138 1139 1140
f 1140 1139 1138
f 1141 1142 1143
f 1143 1142 1141
f 1142 1144 1143
f 1143 1144 1142
f 1137 1138 1141
f 1141 1138 1137
f 1138 1142 1141
f 1141 1142 1138
f 1139 1143 1140
f 1140 1143 1139
f 1140 1143 1144
f 1144 1143 1140
f 1137 1141 1139
f 1139 1141 1137
f 1139 1141 1143
f 1143 1141 1139
f 1138 1140 1142
f 1142 1140 1138
f 1140 1144 1142
f 1142 1144 1140
f 1145 1147 1146
f 1146 1147 1145
f 1146 1147 1148
f 1148 1147 1146
f 1149 1150 1151
f 1151 1150 1149
f 1150 1152 1151
f 1151 1152 1150
f 1145 1146 1149
f 1149 1146 1145
f 1146 1150 1149
f 1149 1150 1146
f 1147 1151 1148
f 1148 1151 1147
f 1148 1151 1152
f 1152 1151 1148
f 1145 1149 1147
f 1147 1149 1145
f 1147 1149 1151
f 1151 1149 1147
f 1146 1148 1150
f 1150 1148 1146
f 1148 1152 1150
f 1150 1152 1148
f 1153 1155 1154
f 1154 1155 1153
f 1154 1155 1156
f 1156 1155 1154
f 1157 1158 1159
f 1159 1158 1157
f 1158 1160 1159
f 1159 1160 1158
f 1153 1154 1157
f 1157 1154 1153
f 1154 1158 1157
f 1157 1158 1154
f 1155 1159 1156
f 1156 1159 1155
f 1156 1159 1160
f 1160 1159 1156
f 1153 1157 1155
f 1155 1157 1153
f 1155 1157 1159
f 1159 1157 1155
f 1154 1156 1158
f 1158 1156 1154
f 1156 1160 1158
f 1158 1160 1156
f 1161 1163 1162
f 1162 1163 1161
f 1162 1163 1164
f 1164 1163 1162
f 1165 1166 1167
f 1167 1166 1165
f 1166 1168 1167
f 1167 1168 1166
f 1161 1162 1165
f 1165 1162 1161
f 1162 1166 1165
f 1165 1166 1162
f 1163 1167 1164
f 1164 1167 1163
f 1164 1167 1168
f 1168 1167 1164
f 1161 1165 1163
f 1163 1165 1161
f 1163 1165 1167
f 1167 1165 1163
f 1162 1164 1166
f 1166 1164 1162
f 1164 1168 1166
f 1166 1168 1164
f 1169 1171 1170
f 1170 1171 1169
f 1170 1171 1172
f 1172 1171 1170
f 1173 1174 1175
f 1175 1174 1173
f 1174 1176 1175
f 1175 1176 1174
f 1169 1170 1173
f 1173 1170 1169
f 1170 1174 1173
f 1173 1174 1170
f 1171 1175 1172
f 1172 1175 1171
f 1172 1175 1176
f 1176 1175 1172
f 1169 1173 1171
f 1171 1173 1169
f 1171 1173 1175
f 1175 1173 1171
f 1170 1172 1174
f 1174 1172 1170
f 1172 1176 1174
f 1174 1176 1172
f 1177 1179 1178
f 1178 1179 1177
f 1178 1179 1180
f 1180 1179 1178
f 1181 1182 1183
f 1183 1182 1181
f 1182 1184 1183
f 1183 1184 1182
f 1177 1178 1181
f 1181 1178 1177
f 1178 1182 1181
f 1181 1182 1178
f 1179 1183 1180
f 1180 1183 1179
f 1180 1183 1184
f 1184 1183 1180
f 1177 1181 1179
f 1179 1181 1177
f 1179 1181 1183
f 1183 1181 1179
f 1178 1180 1182
f 1182 1180 1178
f 1180 1184 1182
f 1182 1184 1180
f 1185 1187 1186
f 1186 1187 1185
f 1186 1187 1188
f 1188 1187 1186
f 1189 1190 1191
f 1191 1190 1189
f 1190 1192 1191
f 1191 1192 1190
f 1185 1186 1189
f 1189 1186 1185
f 1186 1190 1189
f 1189 1190 1186
f 1187 1191 1188
f 1188 1191 1187
f 1188 1191 1192
f 1192 1191 1188
f 1185 1189 1187
f 1187 1189 1185
f 1187 1189 1191
f 1191 1189 1187
f 1186 1188 1190
f 1190 1188 1186
f 1188 1192 1190
f 1190 1192 1188
f 1193 1195 1194
f 1194 1195 1193
f 1194 1195 1196
f 1196 1195 1194
f 1197 1198 1199
f 1199 1198 1197
f 1198 1200 1199
f 1199 1200 1198
f 1193 1194 1197
f 1197 1194 1193
f 1194 1198 1197
f 1197 1198 1194
f 1195 1199 1196
f 1196 1199 1195
f 1196 1199 1200
f 1200 1199 1196
f 1193 1197 1195
f 1195 1197 1193
f 1195 1197 1199
f 1199 1197 1195
f 1194 1196 1198
f 1198 1196 1194
f 1196 1200 1198
f 1198 1200 1196
f 1201 1203 1202
f 1202 1203 1201
f 1202 1203 1204
f 1204 1203 1202
f 1205 1206 1207
f 1207 1206 1205
f 1206 1208 1207
f 1207 1208 1206
f 1201 1202 1205
f 1205 1202 1201
f 1202 1206 1205
f 1205 1206 1202
f 1203 1207 1204
f 1204 1207 1203
f 1204 1207 1208
f 1208 1207 1204
f 1201 1205 1203
f 1203 1205 1201
f 1203 1205 1207
f 1207 1205 1203
f 1202 1204 1206
f 1206 1204 1202
f 1204 1208 1206
f 1206 1208 1204
f 1209 1211 1210
f 1210 1211 1209
f 1210 1211 1212
f 1212 1211 1210
f 1213 1214 1215
f 1215 1214 1213
f 1214 1216 1215
f 1215 1216 1214
f 1209 1210 1213
f 1213 1210 1209
f 1210 1214 1213
f 1213 1214 1210
f 1211 1215 1212
f 1212 1215 1211
f 1212 1215 1216
f 1216 1215 1212
f 1209 1213 1211
f 1211 1213 1209
f 1211 1213 1215
f 1215 1213 1211
f 1210 1212 1214
f 1214 1212 1210
f 1212 1216 1214
f 1214 1216 1212
f 1217 1219 1218
f 1218 1219 1217
f 1218 1219 1220
f 1220 1219 1218
f 1221 1222 1223
f 1223 1222 1221
f 1222 1224 1223
f 1223 1224 1222
f 1217 1218 1221
f 1221 1218 1217
f 1218 1222 1221
f 1221 1222 1218
f 1219 1223 1220
f 1220 1223 1219
f 1220 1223 1224
f 1224 1223 1220
f 1217 1221 1219
f 1219 1221 1217
f 1219 1221 1223
f 1223 1221 1219
f 1218 1220 1222
f 1222 1220 1218
f 1220 1224 1222
f 1222 1224 1220
f 1225 1227 1226
f 1226 1227 1225
f 1226 1227 1228
f 1228 1227 1226
f 1229 1230 1231
f 1231 1230 1229
f 1230 1232 1231
f 1231 1232 1230
f 1225 1226 1229
f 1229 1226 1225
f 1226 1230 1229
f 1229 1230 1226
f 1227 1231 1228
f 1228 1231 1227
f 1228 1231 1232
f 1232 1231 1228
f 1225 1229 1227
f 1227 1229 1225
f 1227 1229 1231
f 1231 1229 1227
f 1226 1228 1230
f 1230 1228 1226
f 1228 1232 1230
f 1230 1232 1228
f 1233 1235 1234
f 1234 1235 1233
f 1234 1235 1236
f 1236 1235 1234
f 1237 1238 1239
f 1239 1238 1237
f 1238 1240 1239
f 1239 1240 1238
f 1233 1234 1237
f 1237 1234 1233
f 1234 1238 1237
f 1237 1238 1234
f 1235 1239 1236
f 1236 1239 1235
f 1236 1239 1240
f 1240 1239 1236
f 1233 1237 1235
f 1235 1237 1233
f 1235 1237 1239
f 1239 1237 1235
f 1234 1236 1238
f 1238 1236 1234
f 1236 1240 1238
f 1238 1240 1236
g plate_1241
usemtl plate
v 10.05 0.432 1.695
v 10.05 0.435 1.695
v 10.05 0.432 1.54
v 10.05 0.435 1.54
v 10.05 0.432 1.54
v 10.05 0.435 1.54
v 10.23 0.432 1.54
v 10.23 0.435 1.54
v 10.23 0.432 1.54
v 10.23 0.435 1.54
v 10.23 0.432 1.695
v 10.23 0.435 1.695
v 10.23 0.432 1.695
v 10.23 0.435 1.695
v 10.05 0.432 1.695
v 10.05 0.435 1.695
v 10.23 0.432 1.695
v 10.05 0.432 1.695
v 10.23 0.432 1.54
v 10.05 0.432 1.54
v 10.05 0.435 1.695
v 10.05 0.435 1.54
v 10.23 0.435 1.695
v 10.23 0.435 1.54
v 10.05 0.432 1.48
v 10.05 0.435 1.48
v 10.05 0.432 1.325
v 10.05 0.435 1.325
v 10.05 0.432 1.325
v 10.05 0.435 1.325
v 10.23 0.432 1.325
v 10.23 0.435 1.325
v 10.23 0.432 1.325
v 10.23 0.435 1.325
v 10.23 0.432 1.48
v 10.23 0.435 1.48
v 10.23 0.432 1.48
v 10.23 0.435 1.48
v 10.05 0.432 1.48
v 10.05 0.435 1.48
v 10.23 0.432 1.48
v 10.05 0.432 1.48
v 10.23 0.432 1.325
v 10.05 0.432 1.325
v 10.05 0.435 1.48
v 10.05 0.435 1.325
v 10.23 0.435 1.48
v 10.23 0.435 1.325
v 10.05 0.282 2.375
v 10.05 0.285 2.375
v 10.05 0.282 2.22
v 10.05 0.285 2.22
v 10.05 0.282 2.22
v 10.05 0.285 2.22
v 10.23 0.282 2.22
v 10.23 0.285 2.22
v 10.23 0.282 2.22
v 10.23 0.285 2.22
v 10.23 0.282 2.375
v 10.23 0.285 2.375
v 10.23 0.282 2.375
v 10.23 0.285 2.375
v 10.05 0.282 2.375
v 10.05 0.285 2.375
v 10.23 0.282 2.375
v 10.05 0.282 2.375
v 10.23 0.282 2.22
v 10.05 0.282 2.22
v 10.05 0.285 2.375
v 10.05 0.285 2.22
v 10.23 0.285 2.375
v 10.23 0.285 2.22
v 10.05 0.282 2.16
v 10.05 0.285 2.16
v 10.05 0.282 1.98
v 10.05 0.285 1.98
v 10.05 0.282 1.98
v 10.05 0.285 1.98
v 10.23 0.282 1.98
v 10.23 0.285 1.98
v 10.23 0.282 1.98
v 10.23 0.285 1.98
v 10.23 0.282 2.16
v 10.23 0.285 2.16
v 10.23 0.282 2.16
v 10.23 0.285 2.16
v 10.05 0.282 2.16
v 10.05 0.285 2.16
v 10.23 0.282 2.16
v 10.05 0.282 2.16
v 10.23 0.282 1.98
v 10.05 0.282 1.98
v 10.05 0.285 2.16
v 10.05 0.285 1.98
v 10.23 0.285 2.16
v 10.23 0.285 1.98
v 10.05 0.282 1.92
v 10.05 0.285 1.92
v 10.05 0.282 1.74
v 10.05 0.285 1.74
v 10.05 0.282 1.74
v 10.05 0.285 1.74
v 10.23 0.282 1.74
v 10.23 0.285 1.74
v 10.23 0.282 1.74
v 10.23 0.285 1.74
v 10.23 0.282 1.92
v 10.23 0.285 1.92
v 10.23 0.282 1.92
v 10.23 0.285 1.92
v 10.05 0.282 1.92
v 10.05 0.285 1.92
v 10.23 0.282 1.92
v 10.05 0.282 1.92
v 10.23 0.282 1.74
v 10.05 0.282 1.74
v 10.05 0.285 1.92
v 10.05 0.285 1.74
v 10.23 0.285 1.92
v 10.23 0.285 1.74
f 1241 1244 1243
f 1243 1244 1241
f 1242 1244 1241
f 1241 1244 1242
f 1247 1245 1246
f 1246 1245 1247
f 1247 1246 1248
f 1248 1246 1247
f 1252 1249 1250
f 1250 1249 1252
f 1251 1249 1252
f 1252 1249 1251
f 1254 1255 1253
f 1253 1255 1254
f 1254 1256 1255
f 1255 1256 1254
f 1258 1259 1257
f 1257 1259 1258
f 1258 1260 1259
f 1259 1260 1258
f 1261 1263 1264
f 1264 1263 1261
f 1261 1264 1262
f 1262 1264 1261
f 1265 1268 1267
f 1267 1268 1265
f 1266 1268 1265
f 1265 1268 1266
f 1271 1269 1270
f 1270 1269 1271
f 1271 1270 1272
f 1272 1270 1271
f 1276 1273 1274
f 1274 1273 1276
f 1275 1273 1276
f 1276 1273 1275
f 1278 1279 1277
f 1277 1279 1278
f 1278 1280 1279
f 1279 1280 1278
f 1282 1283 1281
f 1281 1283 1282
f 1282 1284 1283
f 1283 1284 1282
f 1285 1287 1288
f 1288 1287 1285
f 1285 1288 1286
f 1286 1288 1285
f 1289 1292 1291
f 1291 1292 1289
f 1290 1292 1289
f 1289 1292 1290
f 1295 1293 1294
f 1294 1293 1295
f 1295 1294 1296
f 1296 1294 1295
f 1300 1297 1298
f 1298 1297 1300
f 1299 1297 1300
f 1300 1297 1299
f 1302 1303 1301
f 1301 1303 1302
f 1302 1304 1303
f 1303 1304 1302
f 1306 1307 1305
f 1305 1307 1306
f 1306 1308 1307
f 1307 1308 1306
f 1309 1311 1312
f 1312 1311 1309
f 1309 1312 1310
f 1310 1312 1309
f 1314 1315 1313
f 1313 1315 1314
f 1314 1316 1315
f 1315 1316 1314
f 1319 1317 1318
f 1318 1317 1319
f 1319 1318 1320
f 1320 1318 1319
f 1323 1321 1322
f 1322 1321 1323
f 1323 1322 1324
f 1324 1322 1323
f 1326 1327 1325
f 1325 1327 1326
f 1326 1328 1327
f 1327 1328 1326
f 1330 1331 1329
f 1329 1331 1330
f 1330 1332 1331
f 1331 1332 1330
f 1333 1335 1336
f 1336 1335 1333
f 1333 1336 1334
f 1334 1336 1333
f 1338 1339 1337
f 1337 1339 1338
f 1338 1340 1339
f 1339 1340 1338
f 1343 1341 1342
f 1342 1341 1343
f 1343 1342 1344
f 1344 1342 1343
f 1347 1345 1346
f 1346 1345 1347
f 1347 1346 1348
f 1348 1346 1347
f 1350 1351 1349
f 1349 1351 1350
f 1350 1352 1351
f 1351 1352 1350
f 1354 1355 1353
f 1353 1355 1354
f 1354 1356 1355
f 1355 1356 1354
f 1357 1359 1360
f 1360 1359 1357
f 1357 1360 1358
f 1358 1360 1357
g panel_1361
usemtl panel
v 10.43475 0.071 0.7785
v 10.42975 0.071 0.7785
v 10.43475 0.071 0.0185
v 10.42975 0.071 0.0185
v 10.43475 0.071 0.0185
v 10.42975 0.071 0.0185
v 10.43475 0.831 0.0185
v 10.42975 0.831 0.0185
v 10.43475 0.831 0.0185
v 10.42975 0.831 0.0185
v 10.43475 0.831 0.7785
v 10.42975 0.831 0.7785
v 10.43475 0.831 0.7785
v 10.42975 0.831 0.7785
v 10.43475 0.071 0.7785
v 10.42975 0.071 0.7785
v 10.43475 0.831 0.7785
v 10.43475 0.071 0.7785
v 10.43475 0.831 0.0185
v 10.43475 0.071 0.0185
v 10.42975 0.071 0.7785
v 10.42975 0.071 0.0185
v 10.42975 0.831 0.7785
v 10.42975 0.831 0.0185
v 10.43475 0.071 1.5785
v 10.42975 0.071 1.5785
v 10.43475 0.071 0.8185
v 10.42975 0.071 0.8185
v 10.43475 0.071 0.8185
v 10.42975 0.071 0.8185
v 10.43475 0.831 0.8185
v 10.42975 0.831 0.8185
v 10.43475 0.831 0.8185
v 10.42975 0.831 0.8185
v 10.43475 0.831 1.5785
v 10.42975 0.831 1.5785
v 10.43475 0.831 1.5785
v 10.42975 0.831 1.5785
v 10.43475 0.071 1.5785
v 10.42975 0.071 1.5785
v 10.43475 0.831 1.5785
v 10.43475 0.071 1.5785
v 10.43475 0.831 0.8185
v 10.43475 0.071 0.8185
v 10.42975 0.071 1.5785
v 10.42975 0.071 0.8185
v 10.42975 0.831 1.5785
v 10.42975 0.831 0.8185
v 10.43475 0.071 2.3785
v 10.42975 0.071 2.3785
v 10.43475 0.071 1.6185
v 10.42975 0.071 1.6185
v 10.43475 0.071 1.6185
v 10.42975 0.071 1.6185
v 10.43475 0.831 1.6185
v 10.42975 0.831 1.6185
v 10.43475 0.831 1.6185
v 10.42975 0.831 1.6185
v 10.43475 0.831 2.3785
v 10.42975 0.831 2.3785
v 10.43475 0.831 2.3785
v 10.42975 0.831 2.3785
v 10.43475 0.071 2.3785
v 10.42975 0.071 2.3785
v 10.43475 0.831 2.3785
v 10.43475 0.071 2.3785
v 10.43475 0.831 1.6185
v 10.43475 0.071 1.6185
v 10.42975 0.071 2.3785
v 10.42975 0.071 1.6185
v 10.42975 0.831 2.3785
v 10.42975 0.831 1.6185
f 1361 1364 1363
f 1363 1364 1361
f 1362 1364 1361
f 1361 1364 1362
f 1368 1365 1366
f 1366 1365 1368
f 1367 1365 1368
f 1368 1365 1367
f 1372 1369 1370
f 1370 1369 1372
f 1371 1369 1372
f 1372 1369 1371
f 1373 1376 1375
f 1375 1376 1373
f 1374 1376 1373
f 1373 1376 1374
f 1378 1379 1377
f 1377 1379 1378
f 1378 1380 1379
f 1379 1380 1378
f 1381 1383 1384
f 1384 1383 1381
f 1381 1384 1382
f 1382 1384 1381
f 1385 1388 1387
f 1387 1388 1385
f 1386 1388 1385
f 1385 1388 1386
f 1392 1389 1390
f 1390 1389 1392
f 1391 1389 1392
f 1392 1389 1391
f 1396 1393 1394
f 1394 1393 1396
f 1395 1393 1396
f 1396 1393 1395
f 1397 1400 1399
f 1399 1400 1397
f 1398 1400 1397
f 1397 1400 1398
f 1402 1403 1401
f 1401 1403 1402
f 1402 1404 1403
f 1403 1404 1402
f 1405 1407 1408
f 1408 1407 1405
f 1405 1408 1406
f 1406 1408 1405
f 1409 1412 1411
f 1411 1412 1409
f 1410 1412 1409
f 1409 1412 1410
f 1416 1413 1414
f 1414 1413 1416
f 1415 1413 1416
f 1416 1413 1415
f 1420 1417 1418
f 1418 1417 1420
f 1419 1417 1420
f 1420 1417 1419
f 1421 1424 1423
f 1423 1424 1421
f 1422 1424 1421
f 1421 1424 1422
f 1426 1427 1425
f 1425 1427 1426
f 1426 1428 1427
f 1427 1428 1426
f 1429 1431 1432
f 1432 1431 1429
f 1429 1432 1430
f 1430 1432 1429
g alu_1433
usemtl alu
v 1.925 0.025 6.80625
v 1.525 0.025 6.80625
v 1.925 0.05 6.80625
v 1.525 0.05 6.80625
v 1.925 0.025 6.78125
v 1.525 0.025 6.78125
v 1.925 0.05 6.78125
v 1.525 0.05 6.78125
v 1.925 0.025 6.67575
v 1.525 0.025 6.67575
v 1.925 0.05 6.67575
v 1.525 0.05 6.67575
v 1.925 0.025 6.65075
v 1.525 0.025 6.65075
v 1.925 0.05 6.65075
v 1.525 0.05 6.65075
v 1.525 0.05 7.1975
v 1.525 0.05 6.4025
v 1.525 0.025 7.1975
v 1.525 0.025 6.4025
v 1.5 0.05 7.1975
v 1.5 0.05 6.4025
v 1.5 0.025 7.1975
v 1.5 0.025 6.4025
v 1.925 0.05 7.1975
v 1.925 0.05 6.4025
v 1.95 0.05 7.1975
v 1.95 0.05 6.4025
v 1.925 0.025 7.1975
v 1.925 0.025 6.4025
v 1.95 0.025 7.1975
v 1.95 0.025 6.4025
v 1.525 0.025 6.4
v 1.925 0.025 6.4
v 1.525 0.05 6.4
v 1.925 0.05 6.4
v 1.525 0.025 6.425
v 1.925 0.025 6.425
v 1.525 0.05 6.425
v 1.925 0.05 6.425
v 1.925 0.025 7.2
v 1.525 0.025 7.2
v 1.925 0.05 7.2
v 1.525 0.05 7.2
v 1.925 0.025 7.175
v 1.525 0.025 7.175
v 1.925 0.05 7.175
v 1.525 0.05 7.175
v 1.525 0.05 5.98125
v 1.925 0.05 5.98125
v 1.525 0.05 6.00625
v 1.925 0.05 6.00625
v 1.525 0.025 5.98125
v 1.925 0.025 5.98125
v 1.525 0.025 6.00625
v 1.925 0.025 6.00625
v 1.925 0.025 5.87575
v 1.525 0.025 5.87575
v 1.925 0.05 5.87575
v 1.525 0.05 5.87575
v 1.925 0.025 5.85075
v 1.525 0.025 5.85075
v 1.925 0.05 5.85075
v 1.525 0.05 5.85075
v 1.5 0.025 6.3975
v 1.5 0.025 5.6025
v 1.5 0.05 6.3975
v 1.5 0.05 5.6025
v 1.525 0.025 6.3975
v 1.525 0.025 5.6025
v 1.525 0.05 6.3975
v 1.525 0.05 5.6025
v 1.925 0.05 6.3975
v 1.925 0.05 5.6025
v 1.95 0.05 6.3975
v 1.95 0.05 5.6025
v 1.925 0.025 6.3975
v 1.925 0.025 5.6025
v 1.95 0.025 6.3975
v 1.95 0.025 5.6025
v 1.525 0.025 5.6
v 1.925 0.025 5.6
v 1.525 0.05 5.6
v 1.925 0.05 5.6
v 1.525 0.025 5.625
v 1.925 0.025 5.625
v 1.525 0.05 5.625
v 1.925 0.05 5.625
v 1.925 0.025 6.4
v 1.525 0.025 6.4
v 1.925 0.05 6.4
v 1.525 0.05 6.4
v 1.925 0.025 6.375
v 1.525 0.025 6.375
v 1.925 0.05 6.375
v 1.525 0.05 6.375
v 1.925 0.025 7.60625
v 1.525 0.025 7.60625
v 1.925 0.05 7.60625
v 1.525 0.05 7.60625
v 1.925 0.025 7.58125
v 1.525 0.025 7.58125
v 1.925 0.05 7.58125
v 1.525 0.05 7.58125
v 1.925 0.025 7.47575
v 1.525 0.025 7.47575
v 1.925 0.05 7.47575
v 1.525 0.05 7.47575
v 1.925 0.025 7.45075
v 1.525 0.025 7.45075
v 1.925 0.05 7.45075
v 1.525 0.05 7.45075
v 1.525 0.05 7.9975
v 1.525 0.05 7.2025
v 1.525 0.025 7.9975
v 1.525 0.025 7.2025
v 1.5 0.05 7.9975
v 1.5 0.05 7.2025
v 1.5 0.025 7.9975
v 1.5 0.025 7.2025
v 1.925 0.05 7.9975
v 1.925 0.05 7.2025
v 1.95 0.05 7.9975
v 1.95 0.05 7.2025
v 1.925 0.025 7.9975
v 1.925 0.025 7.2025
v 1.95 0.025 7.9975
v 1.95 0.025 7.2025
v 1.525 0.025 7.2
v 1.925 0.025 7.2
v 1.525 0.05 7.2
v 1.925 0.05 7.2
v 1.525 0.025 7.225
v 1.925 0.025 7.225
v 1.525 0.05 7.225
v 1.925 0.05 7.225
v 1.525 0.05 7.975
v 1.925 0.05 7.975
v 1.525 0.05 8
v 1.925 0.05 8
v 1.525 0.025 7.975
v 1.925 0.025 7.975
v 1.525 0.025 8
v 1.925 0.025 8
v 1.555 0.075 6.375
v 1.555 0.075 5.625
v 1.58 0.075 6.375
v 1.58 0.075 5.625
v 1.555 0.05 6.375
v 1.555 0.05 5.625
v 1.58 0.05 6.375
v 1.58 0.05 5.625
v 1.58 0.825 5.625
v 1.58 0.825 6.375
v 1.58 0.85 5.625
v 1.58 0.85 6.375
v 1.555 0.825 5.625
v 1.555 0.825 6.375
v 1.555 0.85 5.625
v 1.555 0.85 6.375
v 1.555 0.05 6.4
v 1.555 0.8475 6.4
v 1.58 0.05 6.4
v 1.58 0.8475 6.4
v 1.555 0.05 6.375
v 1.555 0.8475 6.375
v 1.58 0.05 6.375
v 1.58 0.8475 6.375
v 1.58 0.05 5.6
v 1.58 0.8475 5.6
v 1.555 0.05 5.6
v 1.555 0.8475 5.6
v 1.58 0.05 5.625
v 1.58 0.8475 5.625
v 1.555 0.05 5.625
v 1.555 0.8475 5.625
v 1.555 0.075 7.175
v 1.555 0.075 6.425
v 1.58 0.075 7.175
v 1.58 0.075 6.425
v 1.555 0.05 7.175
v 1.555 0.05 6.425
v 1.58 0.05 7.175
v 1.58 0.05 6.425
v 1.58 0.85 7.175
v 1.58 0.85 6.425
v 1.58 0.825 7.175
v 1.58 0.825 6.425
v 1.555 0.85 7.175
v 1.555 0.85 6.425
v 1.555 0.825 7.175
v 1.555 0.825 6.425
v 1.555 0.05 7.2
v 1.555 0.8475 7.2
v 1.58 0.05 7.2
v 1.58 0.8475 7.2
v 1.555 0.05 7.175
v 1.555 0.8475 7.175
v 1.58 0.05 7.175
v 1.58 0.8475 7.175
v 1.58 0.05 6.4
v 1.58 0.8475 6.4
v 1.555 0.05 6.4
v 1.555 0.8475 6.4
v 1.58 0.05 6.425
v 1.58 0.8475 6.425
v 1.555 0.05 6.425
v 1.555 0.8475 6.425
v 1.555 0.075 7.975
v 1.555 0.075 7.225
v 1.58 0.075 7.975
v 1.58 0.075 7.225
v 1.555 0.05 7.975
v 1.555 0.05 7.225
v 1.58 0.05 7.975
v 1.58 0.05 7.225
v 1.58 0.825 7.225
v 1.58 0.825 7.975
v 1.58 0.85 7.225
v 1.58 0.85 7.975
v 1.555 0.825 7.225
v 1.555 0.825 7.975
v 1.555 0.85 7.225
v 1.555 0.85 7.975
v 1.555 0.05 8
v 1.555 0.8475 8
v 1.58 0.05 8
v 1.58 0.8475 8
v 1.555 0.05 7.975
v 1.555 0.8475 7.975
v 1.58 0.05 7.975
v 1.58 0.8475 7.975
v 1.58 0.05 7.2
v 1.58 0.8475 7.2
v 1.555 0.05 7.2
v 1.555 0.8475 7.2
v 1.58 0.05 7.225
v 1.58 0.8475 7.225
v 1.555 0.05 7.225
v 1.555 0.8475 7.225
f 1433 1435 1434
f 1434 1435 1433
f 1434 1435 1436
f 1436 1435 1434
f 1437 1438 1439
f 1439 1438 1437
f 1438 1440 1439
f 1439 1440 1438
f 1433 1434 1437
f 1437 1434 1433
f 1434 1438 1437
f 1437 1438 1434
f 1435 1439 1436
f 1436 1439 1435
f 1436 1439 1440
f 1440 1439 1436
f 1433 1437 1435
f 1435 1437 1433
f 1435 1437 1439
f 1439 1437 1435
f 1434 1436 1438
f 1438 1436 1434
f 1436 1440 1438
f 1438 1440 1436
f 1441 1443 1442
f 1442 1443 1441
f 1442 1443 1444
f 1444 1443 1442
f 1445 1446 1447
f 1447 1446 1445
f 1446 1448 1447
f 1447 1448 1446
f 1441 1442 1445
f 1445 1442 1441
f 1442 1446 1445
f 1445 1446 1442
f 1443 1447 1444
f 1444 1447 1443
f 1444 1447 1448
f 1448 1447 1444
f 1441 1445 1443
f 1443 1445 1441
f 1443 1445 1447
f 1447 1445 1443
f 1442 1444 1446
f 1446 1444 1442
f 1444 1448 1446
f 1446 1448 1444
f 1449 1451 1450
f 1450 1451 1449
f 1450 1451 1452
f 1452 1451 1450
f 1453 1454 1455
f 1455 1454 1453
f 1454 1456 1455
f 1455 1456 1454
f 1449 1450 1453
f 1453 1450 1449
f 1450 1454 1453
f 1453 1454 1450
f 1451 1455 1452
f 1452 1455 1451
f 1452 1455 1456
f 1456 1455 1452
f 1449 1453 1451
f 1451 1453 1449
f 1451 1453 1455
f 1455 1453 1451
f 1450 1452 1454
f 1454 1452 1450
f 1452 1456 1454
f 1454 1456 1452
f 1457 1459 1458
f 1458 1459 1457
f 1458 1459 1460
f 1460 1459 1458
f 1461 1462 1463
f 1463 1462 1461
f 1462 1464 1463
f 1463 1464 1462
f 1457 1458 1461
f 1461 1458 1457
f 1458 1462 1461
f 1461 1462 1458
f 1459 1463 1460
f 1460 1463 1459
f 1460 1463 1464
f 1464 1463 1460
f 1457 1461 1459
f 1459 1461 1457
f 1459 1461 1463
f 1463 1461 1459
f 1458 1460 1462
f 1462 1460 1458
f 1460 1464 1462
f 1462 1464 1460
f 1465 1467 1466
f 1466 1467 1465
f 1466 1467 1468
f 1468 1467 1466
f 1469 1470 1471
f 1471 1470 1469
f 1470 1472 1471
f 1471 1472 1470
f 1465 1466 1469
f 1469 1466 1465
f 1466 1470 1469
f 1469 1470 1466
f 1467 1471 1468
f 1468 1471 1467
f 1468 1471 1472
f 1472 1471 1468
f 1465 1469 1467
f 1467 1469 1465
f 1467 1469 1471
f 1471 1469 1467
f 1466 1468 1470
f 1470 1468 1466
f 1468 1472 1470
f 1470 1472 1468
f 1473 1475 1474
f 1474 1475 1473
f 1474 1475 1476
f 1476 1475 1474
f 1477 1478 1479
f 1479 1478 1477
f 1478 1480 1479
f 1479 1480 1478
f 1473 1474 1477
f 1477 1474 1473
f 1474 1478 1477
f 1477 1478 1474
f 1475 1479 1476
f 1476 1479 1475
f 1476 1479 1480
f 1480 1479 1476
f 1473 1477 1475
f 1475 1477 1473
f 1475 1477 1479
f 1479 1477 1475
f 1474 1476 1478
f 1478 1476 1474
f 1476 1480 1478
f 1478 1480 1476
f 1481 1483 1482
f 1482 1483 1481
f 1482 1483 1484
f 1484 1483 1482
f 1485 1486 1487
f 1487 1486 1485
f 1486 1488 1487
f 1487 1488 1486
f 1481 1482 1485
f 1485 1482 1481
f 1482 1486 1485
f 1485 1486 1482
f 1483 1487 1484
f 1484 1487 1483
f 1484 1487 1488
f 1488 1487 1484
f 1481 1485 1483
f 1483 1485 1481
f 1483 1485 1487
f 1487 1485 1483
f 1482 1484 1486
f 1486 1484 1482
f 1484 1488 1486
f 1486 1488 1484
f 1489 1491 1490
f 1490 1491 1489
f 1490 1491 1492
f 1492 1491 1490
f 1493 1494 1495
f 1495 1494 1493
f 1494 1496 1495
f 1495 1496 1494
f 1489 1490 1493
f 1493 1490 1489
f 1490 1494 1493
f 1493 1494 1490
f 1491 1495 1492
f 1492 1495 1491
f 1492 1495 1496
f 1496 1495 1492
f 1489 1493 1491
f 1491 1493 1489
f 1491 1493 1495
f 1495 1493 1491
f 1490 1492 1494
f 1494 1492 1490
f 1492 1496 1494
f 1494 1496 1492
f 1497 1499 1498
f 1498 1499 1497
f 1498 1499 1500
f 1500 1499 1498
f 1501 1502 1503
f 1503 1502 1501
f 1502 1504 1503
f 1503 1504 1502
f 1497 1498 1501
f 1501 1498 1497
f 1498 1502 1501
f 1501 1502 1498
f 1499 1503 1500
f 1500 1503 1499
f 1500 1503 1504
f 1504 1503 1500
f 1497 1501 1499
f 1499 1501 1497
f 1499 1501 1503
f 1503 1501 1499
f 1498 1500 1502
f 1502 1500 1498
f 1500 1504 1502
f 1502 1504 1500
f 1505 1507 1506
f 1506 1507 1505
f 1506 1507 1508
f 1508 1507 1506
f 1509 1510 1511
f 1511 1510 1509
f 1510 1512 1511
f 1511 1512 1510
f 1505 1506 1509
f 1509 1506 1505
f 1506 1510 1509
f 1509 1510 1506
f 1507 1511 1508
f 1508 1511 1507
f 1508 1511 1512
f 1512 1511 1508
f 1505 1509 1507
f 1507 1509 1505
f 1507 1509 1511
f 1511 1509 1507
f 1506 1508 1510
f 1510 1508 1506
f 1508 1512 1510
f 1510 1512 1508
f 1513 1515 1514
f 1514 1515 1513
f 1514 1515 1516
f 1516 1515 1514
f 1517 1518 1519
f 1519 1518 1517
f 1518 1520 1519
f 1519 1520 1518
f 1513 1514 1517
f 1517 1514 1513
f 1514 1518 1517
f 1517 1518 1514
f 1515 1519 1516
f 1516 1519 1515
f 1516 1519 1520
f 1520 1519 1516
f 1513 1517 1515
f 1515 1517 1513
f 1515 1517 1519
f 1519 1517 1515
f 1514 1516 1518
f 1518 1516 1514
f 1516 1520 1518
f 1518 1520 1516
f 1521 1523 1522
f 1522 1523 1521
f 1522 1523 1524
f 1524 1523 1522
f 1525 1526 1527
f 1527 1526 1525
f 1526 1528 1527
f 1527 1528 1526
f 1521 1522 1525
f 1525 1522 1521
f 1522 1526 1525
f 1525 1526 1522
f 1523 1527 1524
f 1524 1527 1523
f 1524 1527 1528
f 1528 1527 1524
f 1521 1525 1523
f 1523 1525 1521
f 1523 1525 1527
f 1527 1525 1523
f 1522 1524 1526
f 1526 1524 1522
f 1524 1528 1526
f 1526 1528 1524
f 1529 1531 1530
f 1530 1531 1529
f 1530 1531 1532
f 1532 1531 1530
f 1533 1534 1535
f 1535 1534 1533
f 1534 1536 1535
f 1535 1536 1534
f 1529 1530 1533
f 1533 1530 1529
f 1530 1534 1533
f 1533 1534 1530
f 1531 1535 1532
f 1532 1535 1531
f 1532 1535 1536
f 1536 1535 1532
f 1529 1533 1531
f 1531 1533 1529
f 1531 1533 1535
f 1535 1533 1531
f 1530 1532 1534
f 1534 1532 1530
f 1532 1536 1534
f 1534 1536 1532
f 1537 1539 1538
f 1538 1539 1537
f 1538 1539 1540
f 1540 1539 1538
f 1541 1542 1543
f 1543 1542 1541
f 1542 1544 1543
f 1543 1544 1542
f 1537 1538 1541
f 1541 1538 1537
f 1538 1542 1541
f 1541 1542 1538
f 1539 1543 1540
f 1540 1543 1539
f 1540 1543 1544
f 1544 1543 1540
f 1537 1541 1539
f 1539 1541 1537
f 1539 1541 1543
f 1543 1541 1539
f 1538 1540 1542
f 1542 1540 1538
f 1540 1544 1542
f 1542 1544 1540
f 1545 1547 1546
f 1546 1547 1545
f 1546 1547 1548
f 1548 1547 1546
f 1549 1550 1551
f 1551 1550 1549
f 1550 1552 1551
f 1551 1552 1550
f 1545 1546 1549
f 1549 1546 1545
f 1546 1550 1549
f 1549 1550 1546
f 1547 1551 1548
f 1548 1551 1547
f 1548 1551 1552
f 1552 1551 1548
f 1545 1549 1547
f 1547 1549 1545
f 1547 1549 1551
f 1551 1549 1547
f 1546 1548 1550
f 1550 1548 1546
f 1548 1552 1550
f 1550 1552 1548
f 1553 1555 1554
f 1554 1555 1553
f 1554 1555 1556
f 1556 1555 1554
f 1557 1558 1559
f 1559 1558 1557
f 1558 1560 1559
f 1559 1560 1558
f 1553 1554 1557
f 1557 1554 1553
f 1554 1558 1557
f 1557 1558 1554
f 1555 1559 1556
f 1556 1559 1555
f 1556 1559 1560
f 1560 1559 1556
f 1553 1557 1555
f 1555 1557 1553
f 1555 1557 1559
f 1559 1557 1555
f 1554 1556 1558
f 1558 1556 1554
f 1556 1560 1558
f 1558 1560 1556
f 1561 1563 1562
f 1562 1563 1561
f 1562 1563 1564
f 1564 1563 1562
f 1565 1566 1567
f 1567 1566 1565
f 1566 1568 1567
f 1567 1568 1566
f 1561 1562 1565
f 1565 1562 1561
f 1562 1566 1565
f 1565 1566 1562
f 1563 1567 1564
f 1564 1567 1563
f 1564 1567 1568
f 1568 1567 1564
f 1561 1565 1563
f 1563 1565 1561
f 1563 1565 1567
f 1567 1565 1563
f 1562 1564 1566
f 1566 1564 1562
f 1564 1568 1566
f 1566 1568 1564
f 1569 1571 1570
f 1570 1571 1569
f 1570 1571 1572
f 1572 1571 1570
f 1573 1574 1575
f 1575 1574 1573
f 1574 1576 1575
f 1575 1576 1574
f 1569 1570 1573
f 1573 1570 1569
f 1570 1574 1573
f 1573 1574 1570
f 1571 1575 1572
f 1572 1575 1571
f 1572 1575 1576
f 1576 1575 1572
f 1569 1573 1571
f 1571 1573 1569
f 1571 1573 1575
f 1575 1573 1571
f 1570 1572 1574
f 1574 1572 1570
f 1572 1576 1574
f 1574 1576 1572
f 1577 1579 1578
f 1578 1579 1577
f 1578 1579 1580
f 1580 1579 1578
f 1581 1582 1583
f 1583 1582 1581
f 1582 1584 1583
f 1583 1584 1582
f 1577 1578 1581
f 1581 1578 1577
f 1578 1582 1581
f 1581 1582 1578
f 1579 1583 1580
f 1580 1583 1579
f 1580 1583 1584
f 1584 1583 1580
f 1577 1581 1579
f 1579 1581 1577
f 1579 1581 1583
f 1583 1581 1579
f 1578 1580 1582
f 1582 1580 1578
f 1580 1584 1582
f 1582 1584 1580
f 1585 1587 1586
f 1586 1587 1585
f 1586 1587 1588
f 1588 1587 1586
f 1589 1590 1591
f 1591 1590 1589
f 1590 1592 1591
f 1591 1592 1590
f 1585 1586 1589
f 1589 1586 1585
f 1586 1590 1589
f 1589 1590 1586
f 1587 1591 1588
f 1588 1591 1587
f 1588 1591 1592
f 1592 1591 1588
f 1585 1589 1587
f 1587 1589 1585
f 1587 1589 1591
f 1591 1589 1587
f 1586 1588 1590
f 1590 1588 1586
f 1588 1592 1590
f 1590 1592 1588
f 1593 1595 1594
f 1594 1595 1593
f 1594 1595 1596
f 1596 1595 1594
f 1597 1598 1599
f 1599 1598 1597
f 1598 1600 1599
f 1599 1600 1598
f 1593 1594 1597
f 1597 1594 1593
f 1594 1598 1597
f 1597 1598 1594
f 1595 1599 1596
f 1596 1599 1595
f 1596 1599 1600
f 1600 1599 1596
f 1593 1597 1595
f 1595 1597 1593
f 1595 1597 1599
f 1599 1597 1595
f 1594 1596 1598
f 1598 1596 1594
f 1596 1600 1598
f 1598 1600 1596
f 1601 1603 1602
f 1602 1603 1601
f 1602 1603 1604
f 1604 1603 1602
f 1605 1606 1607
f 1607 1606 1605
f 1606 1608 1607
f 1607 1608 1606
f 1601 1602 1605
f 1605 1602 1601
f 1602 1606 1605
f 1605 1606 1602
f 1603 1607 1604
f 1604 1607 1603
f 1604 1607 1608
f 1608 1607 1604
f 1601 1605 1603
f 1603 1605 1601
f 1603 1605 1607
f 1607 1605 1603
f 1602 1604 1606
f 1606 1604 1602
f 1604 1608 1606
f 1606 1608 1604
f 1609 1611 1610
f 1610 1611 1609
f 1610 1611 1612
f 1612 1611 1610
f 1613 1614 1615
f 1615 1614 1613
f 1614 1616 1615
f 1615 1616 1614
f 1609 1610 1613
f 1613 1610 1609
f 1610 1614 1613
f 1613 1614 1610
f 1611 1615 1612
f 1612 1615 1611
f 1612 1615 1616
f 1616 1615 1612
f 1609 1613 1611
f 1611 1613 1609
f 1611 1613 1615
f 1615 1613 1611
f 1610 1612 1614
f 1614 1612 1610
f 1612 1616 1614
f 1614 1616 1612
f 1617 1619 1618
f 1618 1619 1617
f 1618 1619 1620
f 1620 1619 1618
f 1621 1622 1623
f 1623 1622 1621
f 1622 1624 1623
f 1623 1624 1622
f 1617 1618 1621
f 1621 1618 1617
f 1618 1622 1621
f 1621 1622 1618
f 1619 1623 1620
f 1620 1623 1619
f 1620 1623 1624
f 1624 1623 1620
f 1617 1621 1619
f 1619 1621 1617
f 1619 1621 1623
f 1623 1621 1619
f 1618 1620 1622
f 1622 1620 1618
f 1620 1624 1622
f 1622 1624 1620
f 1625 1627 1626
f 1626 1627 1625
f 1626 1627 1628
f 1628 1627 1626
f 1629 1630 1631
f 1631 1630 1629
f 1630 1632 1631
f 1631 1632 1630
f 1625 1626 1629
f 1629 1626 1625
f 1626 1630 1629
f 1629 1630 1626
f 1627 1631 1628
f 1628 1631 1627
f 1628 1631 1632
f 1632 1631 1628
f 1625 1629 1627
f 1627 1629 1625
f 1627 1629 1631
f 1631 1629 1627
f 1626 1628 1630
f 1630 1628 1626
f 1628 1632 1630
f 1630 1632 1628
f 1633 1635 1634
f 1634 1635 1633
f 1634 1635 1636
f 1636 1635 1634
f 1637 1638 1639
f 1639 1638 1637
f 1638 1640 1639
f 1639 1640 1638
f 1633 1634 1637
f 1637 1634 1633
f 1634 1638 1637
f 1637 1638 1634
f 1635 1639 1636
f 1636 1639 1635
f 1636 1639 1640
f 1640 1639 1636
f 1633 1637 1635
f 1635 1637 1633
f 1635 1637 1639
f 1639 1637 1635
f 1634 1636 1638
f 1638 1636 1634
f 1636 1640 1638
f 1638 1640 1636
f 1641 1643 1642
f 1642 1643 1641
f 1642 1643 1644
f 1644 1643 1642
f 1645 1646 1647
f 1647 1646 1645
f 1646 1648 1647
f 1647 1648 1646
f 1641 1642 1645
f 1645 1642 1641
f 1642 1646 1645
f 1645 1646 1642
f 1643 1647 1644
f 1644 1647 1643
f 1644 1647 1648
f 1648 1647 1644
f 1641 1645 1643
f 1643 1645 1641
f 1643 1645 1647
f 1647 1645 1643
f 1642 1644 1646
f 1646 1644 1642
f 1644 1648 1646
f 1646 1648 1644
f 1649 1651 1650
f 1650 1651 1649
f 1650 1651 1652
f 1652 1651 1650
f 1653 1654 1655
f 1655 1654 1653
f 1654 1656 1655
f 1655 1656 1654
f 1649 1650 1653
f 1653 1650 1649
f 1650 1654 1653
f 1653 1654 1650
f 1651 1655 1652
f 1652 1655 1651
f 1652 1655 1656
f 1656 1655 1652
f 1649 1653 1651
f 1651 1653 1649
f 1651 1653 1655
f 1655 1653 1651
f 1650 1652 1654
f 1654 1652 1650
f 1652 1656 1654
f 1654 1656 1652
f 1657 1659 1658
f 1658 1659 1657
f 1658 1659 1660
f 1660 1659 1658
f 1661 1662 1663
f 1663 1662 1661
f 1662 1664 1663
f 1663 1664 1662
f 1657 1658 1661
f 1661 1658 1657
f 1658 1662 1661
f 1661 1662 1658
f 1659 1663 1660
f 1660 1663 1659
f 1660 1663 1664
f 1664 1663 1660
f 1657 1661 1659
f 1659 1661 1657
f 1659 1661 1663
f 1663 1661 1659
f 1658 1660 1662
f 1662 1660 1658
f 1660 1664 1662
f 1662 1664 1660
f 1665 1667 1666
f 1666 1667 1665
f 1666 1667 1668
f 1668 1667 1666
f 1669 1670 1671
f 1671 1670 1669
f 1670 1672 1671
f 1671 1672 1670
f 1665 1666 1669
f 1669 1666 1665
f 1666 1670 1669
f 1669 1670 1666
f 1667 1671 1668
f 1668 1671 1667
f 1668 1671 1672
f 1672 1671 1668
f 1665 1669 1667
f 1667 1669 1665
f 1667 1669 1671
f 1671 1669 1667
f 1666 1668 1670
f 1670 1668 1666
f 1668 1672 1670
f 1670 1672 1668
g board_1673
usemtl board
v 1.5 0.025 7.2
v 1.5 0.013 7.2
v 1.95 0.025 7.2
v 1.95 0.013 7.2
v 1.95 0.025 7.2
v 1.95 0.013 7.2
v 1.95 0.025 6.4
v 1.95 0.013 6.4
v 1.95 0.025 6.4
v 1.95 0.013 6.4
v 1.5 0.025 6.4
v 1.5 0.013 6.4
v 1.5 0.025 6.4
v 1.5 0.013 6.4
v 1.5 0.025 7.2
v 1.5 0.013 7.2
v 1.5 0.025 6.4
v 1.5 0.025 7.2
v 1.95 0.025 6.4
v 1.95 0.025 7.2
v 1.5 0.013 7.2
v 1.95 0.013 7.2
v 1.5 0.013 6.4
v 1.95 0.013 6.4
v 1.5 0.025 6.4
v 1.5 0.013 6.4
v 1.95 0.025 6.4
v 1.95 0.013 6.4
v 1.95 0.025 6.4
v 1.95 0.013 6.4
v 1.95 0.025 5.6
v 1.95 0.013 5.6
v 1.95 0.025 5.6
v 1.95 0.013 5.6
v 1.5 0.025 5.6
v 1.5 0.013 5.6
v 1.5 0.025 5.6
v 1.5 0.013 5.6
v 1.5 0.025 6.4
v 1.5 0.013 6.4
v 1.5 0.025 5.6
v 1.5 0.025 6.4
v 1.95 0.025 5.6
v 1.95 0.025 6.4
v 1.5 0.013 6.4
v 1.95 0.013 6.4
v 1.5 0.013 5.6
v 1.95 0.013 5.6
v 1.5 0.025 8
v 1.5 0.013 8
v 1.95 0.025 8
v 1.95 0.013 8
v 1.95 0.025 8
v 1.95 0.013 8
v 1.95 0.025 7.2
v 1.95 0.013 7.2
v 1.95 0.025 7.2
v 1.95 0.013 7.2
v 1.5 0.025 7.2
v 1.5 0.013 7.2
v 1.5 0.025 7.2
v 1.5 0.013 7.2
v 1.5 0.025 8
v 1.5 0.013 8
v 1.5 0.025 7.2
v 1.5 0.025 8
v 1.95 0.025 7.2
v 1.95 0.025 8
v 1.5 0.013 8
v 1.95 0.013 8
v 1.5 0.013 7.2
v 1.95 0.013 7.2
f 1674 1675 1673
f 1673 1675 1674
f 1674 1676 1675
f 1675 1676 1674
f 1679 1677 1678
f 1678 1677 1679
f 1679 1678 1680
f 1680 1678 1679
f 1683 1681 1682
f 1682 1681 1683
f 1683 1682 1684
f 1684 1682 1683
f 1686 1687 1685
f 1685 1687 1686
f 1686 1688 1687
f 1687 1688 1686
f 1692 1691 1689
f 1689 1691 1692
f 1690 1692 1689
f 1689 1692 1690
f 1694 1695 1696
f 1696 1695 1694
f 1693 1695 1694
f 1694 1695 1693
f 1698 1699 1697
f 1697 1699 1698
f 1698 1700 1699
f 1699 1700 1698
f 1703 1701 1702
f 1702 1701 1703
f 1703 1702 1704
f 1704 1702 1703
f 1707 1705 1706
f 1706 1705 1707
f 1707 1706 1708
f 1708 1706 1707
f 1710 1711 1709
f 1709 1711 1710
f 1710 1712 1711
f 1711 1712 1710
f 1716 1715 1713
f 1713 1715 1716
f 1714 1716 1713
f 1713 1716 1714
f 1718 1719 1720
f 1720 1719 1718
f 1717 1719 1718
f 1718 1719 1717
f 1722 1723 1721
f 1721 1723 1722
f 1722 1724 1723
f 1723 1724 1722
f 1727 1725 1726
f 1726 1725 1727
f 1727 1726 1728
f 1728 1726 1727
f 1731 1729 1730
f 1730 1729 1731
f 1731 1730 1732
f 1732 1730 1731
f 1734 1735 1733
f 1733 1735 1734
f 1734 1736 1735
f 1735 1736 1734
f 1740 1739 1737
f 1737 1739 1740
f 1738 1740 1737
f 1737 1740 1738
f 1742 1743 1744
f 1744 1743 1742
f 1741 1743 1742
f 1742 1743 1741
g alu_1745
usemtl alu
v 1.925 0.285 6.28
v 1.925 0.285 5.6
v 1.925 0.31 6.28
v 1.925 0.31 5.6
v 1.95 0.285 6.28
v 1.95 0.285 5.6
v 1.95 0.31 6.28
v 1.95 0.31 5.6
v 1.77 0.285 6.28
v 1.77 0.285 5.6
v 1.77 0.31 6.28
v 1.77 0.31 5.6
v 1.795 0.285 6.28
v 1.795 0.285 5.6
v 1.795 0.31 6.28
v 1.795 0.31 5.6
v 1.77 0.435 6.7
v 1.77 0.435 6.28
v 1.77 0.46 6.7
v 1.77 0.46 6.28
v 1.795 0.435 6.7
v 1.795 0.435 6.28
v 1.795 0.46 6.7
v 1.795 0.46 6.28
v 1.925 0.435 6.7
v 1.925 0.435 6.28
v 1.925 0.46 6.7
v 1.925 0.46 6.28
v 1.95 0.435 6.7
v 1.95 0.435 6.28
v 1.95 0.46 6.7
v 1.95 0.46 6.28
v 1.925 0.05 6.675
v 1.925 0.435 6.675
v 1.925 0.05 6.7
v 1.925 0.435 6.7
v 1.95 0.05 6.675
v 1.95 0.435 6.675
v 1.95 0.05 6.7
v 1.95 0.435 6.7
v 1.77 0.05 6.675
v 1.77 0.435 6.675
v 1.77 0.05 6.7
v 1.77 0.435 6.7
v 1.795 0.05 6.675
v 1.795 0.435 6.675
v 1.795 0.05 6.7
v 1.795 0.435 6.7
v 1.95 0.05 6.28
v 1.95 0.435 6.28
v 1.925 0.05 6.28
v 1.925 0.435 6.28
v 1.95 0.05 6.305
v 1.95 0.435 6.305
v 1.925 0.05 6.305
v 1.925 0.435 6.305
v 1.795 0.05 6.28
v 1.795 0.435 6.28
v 1.77 0.05 6.28
v 1.77 0.435 6.28
v 1.795 0.05 6.305
v 1.795 0.435 6.305
v 1.77 0.05 6.305
v 1.77 0.435 6.305
v 1.925 0.05 5.625
v 1.925 0.285 5.625
v 1.95 0.05 5.625
v 1.95 0.285 5.625
v 1.925 0.05 5.6
v 1.925 0.285 5.6
v 1.95 0.05 5.6
v 1.95 0.285 5.6
v 1.77 0.05 5.625
v 1.77 0.285 5.625
v 1.795 0.05 5.625
v 1.795 0.285 5.625
v 1.77 0.05 5.6
v 1.77 0.285 5.6
v 1.795 0.05 5.6
v 1.795 0.285 5.6
v 1.925 0.17 6.28
v 1.925 0.17 5.625
v 1.925 0.195 6.28
v 1.925 0.195 5.625
v 1.95 0.17 6.28
v 1.95 0.17 5.625
v 1.95 0.195 6.28
v 1.95 0.195 5.625
v 1.77 0.17 6.28
v 1.77 0.17 5.625
v 1.77 0.195 6.28
v 1.77 0.195 5.625
v 1.795 0.17 6.28
v 1.795 0.17 5.625
v 1.795 0.195 6.28
v 1.795 0.195 5.625
v 1.95 0.195 6.305
v 1.95 0.195 6.675
v 1.925 0.195 6.305
v 1.925 0.195 6.675
v 1.95 0.17 6.305
v 1.95 0.17 6.675
v 1.925 0.17 6.305
v 1.925 0.17 6.675
v 1.795 0.195 6.305
v 1.795 0.195 6.675
v 1.77 0.195 6.305
v 1.77 0.195 6.675
v 1.795 0.17 6.305
v 1.795 0.17 6.675
v 1.77 0.17 6.305
v 1.77 0.17 6.675
v 1.795 0.435 6.675
v 1.925 0.435 6.675
v 1.795 0.46 6.675
v 1.925 0.46 6.675
v 1.795 0.435 6.7
v 1.925 0.435 6.7
v 1.795 0.46 6.7
v 1.925 0.46 6.7
v 1.795 0.435 6.28
v 1.925 0.435 6.28
v 1.795 0.46 6.28
v 1.925 0.46 6.28
v 1.795 0.435 6.305
v 1.925 0.435 6.305
v 1.795 0.46 6.305
v 1.925 0.46 6.305
v 1.795 0.285 5.6
v 1.925 0.285 5.6
v 1.795 0.31 5.6
v 1.925 0.31 5.6
v 1.795 0.285 5.625
v 1.925 0.285 5.625
v 1.795 0.31 5.625
v 1.925 0.31 5.625
v 1.795 0.435 6.52
v 1.925 0.435 6.52
v 1.795 0.46 6.52
v 1.925 0.46 6.52
v 1.795 0.435 6.545
v 1.925 0.435 6.545
v 1.795 0.46 6.545
v 1.925 0.46 6.545
v 1.795 0.435 6.435
v 1.925 0.435 6.435
v 1.795 0.46 6.435
v 1.925 0.46 6.435
v 1.795 0.435 6.46
v 1.925 0.435 6.46
v 1.795 0.46 6.46
v 1.925 0.46 6.46
v 1.795 0.285 5.755
v 1.925 0.285 5.755
v 1.795 0.31 5.755
v 1.925 0.31 5.755
v 1.795 0.285 5.78
v 1.925 0.285 5.78
v 1.795 0.31 5.78
v 1.925 0.31 5.78
v 1.795 0.285 5.84
v 1.925 0.285 5.84
v 1.795 0.31 5.84
v 1.925 0.31 5.84
v 1.795 0.285 5.865
v 1.925 0.285 5.865
v 1.795 0.31 5.865
v 1.925 0.31 5.865
v 1.795 0.285 5.995
v 1.925 0.285 5.995
v 1.795 0.31 5.995
v 1.925 0.31 5.995
v 1.795 0.285 6.02
v 1.925 0.285 6.02
v 1.795 0.31 6.02
v 1.925 0.31 6.02
v 1.795 0.285 6.08
v 1.925 0.285 6.08
v 1.795 0.31 6.08
v 1.925 0.31 6.08
v 1.795 0.285 6.105
v 1.925 0.285 6.105
v 1.795 0.31 6.105
v 1.925 0.31 6.105
v 1.795 0.285 6.235
v 1.925 0.285 6.235
v 1.795 0.31 6.235
v 1.925 0.31 6.235
v 1.795 0.285 6.26
v 1.925 0.285 6.26
v 1.795 0.31 6.26
v 1.925 0.31 6.26
f 1745 1747 1746
f 1746 1747 1745
f 1746 1747 1748
f 1748 1747 1746
f 1749 1750 1751
f 1751 1750 1749
f 1750 1752 1751
f 1751 1752 1750
f 1745 1746 1749
f 1749 1746 1745
f 1746 1750 1749
f 1749 1750 1746
f 1747 1751 1748
f 1748 1751 1747
f 1748 1751 1752
f 1752 1751 1748
f 1745 1749 1747
f 1747 1749 1745
f 1747 1749 1751
f 1751 1749 1747
f 1746 1748 1750
f 1750 1748 1746
f 1748 1752 1750
f 1750 1752 1748
f 1753 1755 1754
f 1754 1755 1753
f 1754 1755 1756
f 1756 1755 1754
f 1757 1758 1759
f 1759 1758 1757
f 1758 1760 1759
f 1759 1760 1758
f 1753 1754 1757
f 1757 1754 1753
f 1754 1758 1757
f 1757 1758 1754
f 1755 1759 1756
f 1756 1759 1755
f 1756 1759 1760
f 1760 1759 1756
f 1753 1757 1755
f 1755 1757 1753
f 1755 1757 1759
f 1759 1757 1755
f 1754 1756 1758
f 1758 1756 1754
f 1756 1760 1758
f 1758 1760 1756
f 1761 1763 1762
f 1762 1763 1761
f 1762 1763 1764
f 1764 1763 1762
f 1765 1766 1767
f 1767 1766 1765
f 1766 1768 1767
f 1767 1768 1766
f 1761 1762 1765
f 1765 1762 1761
f 1762 1766 1765
f 1765 1766 1762
f 1763 1767 1764
f 1764 1767 1763
f 1764 1767 1768
f 1768 1767 1764
f 1761 1765 1763
f 1763 1765 1761
f 1763 1765 1767
f 1767 1765 1763
f 1762 1764 1766
f 1766 1764 1762
f 1764 1768 1766
f 1766 1768 1764
f 1769 1771 1770
f 1770 1771 1769
f 1770 1771 1772
f 1772 1771 1770
f 1773 1774 1775
f 1775 1774 1773
f 1774 1776 1775
f 1775 1776 1774
f 1769 1770 1773
f 1773 1770 1769
f 1770 1774 1773
f 1773 1774 1770
f 1771 1775 1772
f 1772 1775 1771
f 1772 1775 1776
f 1776 1775 1772
f 1769 1773 1771
f 1771 1773 1769
f 1771 1773 1775
f 1775 1773 1771
f 1770 1772 1774
f 1774 1772 1770
f 1772 1776 1774
f 1774 1776 1772
f 1777 1779 1778
f 1778 1779 1777
f 1778 1779 1780
f 1780 1779 1778
f 1781 1782 1783
f 1783 1782 1781
f 1782 1784 1783
f 1783 1784 1782
f 1777 1778 1781
f 1781 1778 1777
f 1778 1782 1781
f 1781 1782 1778
f 1779 1783 1780
f 1780 1783 1779
f 1780 1783 1784
f 1784 1783 1780
f 1777 1781 1779
f 1779 1781 1777
f 1779 1781 1783
f 1783 1781 1779
f 1778 1780 1782
f 1782 1780 1778
f 1780 1784 1782
f 1782 1784 1780
f 1785 1787 1786
f 1786 1787 1785
f 1786 1787 1788
f 1788 1787 1786
f 1789 1790 1791
f 1791 1790 1789
f 1790 1792 1791
f 1791 1792 1790
f 1785 1786 1789
f 1789 1786 1785
f 1786 1790 1789
f 1789 1790 1786
f 1787 1791 1788
f 1788 1791 1787
f 1788 1791 1792
f 1792 1791 1788
f 1785 1789 1787
f 1787 1789 1785
f 1787 1789 1791
f 1791 1789 1787
f 1786 1788 1790
f 1790 1788 1786
f 1788 1792 1790
f 1790 1792 1788
f 1793 1795 1794
f 1794 1795 1793
f 1794 1795 1796
f 1796 1795 1794
f 1797 1798 1799
f 1799 1798 1797
f 1798 1800 1799
f 1799 1800 1798
f 1793 1794 1797
f 1797 1794 1793
f 1794 1798 1797
f 1797 1798 1794
f 1795 1799 1796
f 1796 1799 1795
f 1796 1799 1800
f 1800 1799 1796
f 1793 1797 1795
f 1795 1797 1793
f 1795 1797 1799
f 1799 1797 1795
f 1794 1796 1798
f 1798 1796 1794
f 1796 1800 1798
f 1798 1800 1796
f 1801 1803 1802
f 1802 1803 1801
f 1802 1803 1804
f 1804 1803 1802
f 1805 1806 1807
f 1807 1806 1805
f 1806 1808 1807
f 1807 1808 1806
f 1801 1802 1805
f 1805 1802 1801
f 1802 1806 1805
f 1805 1806 1802
f 1803 1807 1804
f 1804 1807 1803
f 1804 1807 1808
f 1808 1807 1804
f 1801 1805 1803
f 1803 1805 1801
f 1803 1805 1807
f 1807 1805 1803
f 1802 1804 1806
f 1806 1804 1802
f 1804 1808 1806
f 1806 1808 1804
f 1809 1811 1810
f 1810 1811 1809
f 1810 1811 1812
f 1812 1811 1810
f 1813 1814 1815
f 1815 1814 1813
f 1814 1816 1815
f 1815 1816 1814
f 1809 1810 1813
f 1813 1810 1809
f 1810 1814 1813
f 1813 1814 1810
f 1811 1815 1812
f 1812 1815 1811
f 1812 1815 1816
f 1816 1815 1812
f 1809 1813 1811
f 1811 1813 1809
f 1811 1813 1815
f 1815 1813 1811
f 1810 1812 1814
f 1814 1812 1810
f 1812 1816 1814
f 1814 1816 1812
f 1817 1819 1818
f 1818 1819 1817
f 1818 1819 1820
f 1820 1819 1818
f 1821 1822 1823
f 1823 1822 1821
f 1822 1824 1823
f 1823 1824 1822
f 1817 1818 1821
f 1821 1818 1817
f 1818 1822 1821
f 1821 1822 1818
f 1819 1823 1820
f 1820 1823 1819
f 1820 1823 1824
f 1824 1823 1820
f 1817 1821 1819
f 1819 1821 1817
f 1819 1821 1823
f 1823 1821 1819
f 1818 1820 1822
f 1822 1820 1818
f 1820 1824 1822
f 1822 1824 1820
f 1825 1827 1826
f 1826 1827 1825
f 1826 1827 1828
f 1828 1827 1826
f 1829 1830 1831
f 1831 1830 1829
f 1830 1832 1831
f 1831 1832 1830
f 1825 1826 1829
f 1829 1826 1825
f 1826 1830 1829
f 1829 1830 1826
f 1827 1831 1828
f 1828 1831 1827
f 1828 1831 1832
f 1832 1831 1828
f 1825 1829 1827
f 1827 1829 1825
f 1827 1829 1831
f 1831 1829 1827
f 1826 1828 1830
f 1830 1828 1826
f 1828 1832 1830
f 1830 1832 1828
f 1833 1835 1834
f 1834 1835 1833
f 1834 1835 1836
f 1836 1835 1834
f 1837 1838 1839
f 1839 1838 1837
f 1838 1840 1839
f 1839 1840 1838
f 1833 1834 1837
f 1837 1834 1833
f 1834 1838 1837
f 1837 1838 1834
f 1835 1839 1836
f 1836 1839 1835
f 1836 1839 1840
f 1840 1839 1836
f 1833 1837 1835
f 1835 1837 1833
f 1835 1837 1839
f 1839 1837 1835
f 1834 1836 1838
f 1838 1836 1834
f 1836 1840 1838
f 1838 1840 1836
f 1841 1843 1842
f 1842 1843 1841
f 1842 1843 1844
f 1844 1843 1842
f 1845 1846 1847
f 1847 1846 1845
f 1846 1848 1847
f 1847 1848 1846
f 1841 1842 1845
f 1845 1842 1841
f 1842 1846 1845
f 1845 1846 1842
f 1843 1847 1844
f 1844 1847 1843
f 1844 1847 1848
f 1848 1847 1844
f 1841 1845 1843
f 1843 1845 1841
f 1843 1845 1847
f 1847 1845 1843
f 1842 1844 1846
f 1846 1844 1842
f 1844 1848 1846
f 1846 1848 1844
f 1849 1851 1850
f 1850 1851 1849
f 1850 1851 1852
f 1852 1851 1850
f 1853 1854 1855
f 1855 1854 1853
f 1854 1856 1855
f 1855 1856 1854
f 1849 1850 1853
f 1853 1850 1849
f 1850 1854 1853
f 1853 1854 1850
f 1851 1855 1852
f 1852 1855 1851
f 1852 1855 1856
f 1856 1855 1852
f 1849 1853 1851
f 1851 1853 1849
f 1851 1853 1855
f 1855 1853 1851
f 1850 1852 1854
f 1854 1852 1850
f 1852 1856 1854
f 1854 1856 1852
f 1857 1859 1858
f 1858 1859 1857
f 1858 1859 1860
f 1860 1859 1858
f 1861 1862 1863
f 1863 1862 1861
f 1862 1864 1863
f 1863 1864 1862
f 1857 1858 1861
f 1861 1858 1857
f 1858 1862 1861
f 1861 1862 1858
f 1859 1863 1860
f 1860 1863 1859
f 1860 1863 1864
f 1864 1863 1860
f 1857 1861 1859
f 1859 1861 1857
f 1859 1861 1863
f 1863 1861 1859
f 1858 1860 1862
f 1862 1860 1858
f 1860 1864 1862
f 1862 1864 1860
f 1865 1867 1866
f 1866 1867 1865
f 1866 1867 1868
f 1868 1867 1866
f 1869 1870 1871
f 1871 1870 1869
f 1870 1872 1871
f 1871 1872 1870
f 1865 1866 1869
f 1869 1866 1865
f 1866 1870 1869
f 1869 1870 1866
f 1867 1871 1868
f 1868 1871 1867
f 1868 1871 1872
f 1872 1871 1868
f 1865 1869 1867
f 1867 1869 1865
f 1867 1869 1871
f 1871 1869 1867
f 1866 1868 1870
f 1870 1868 1866
f 1868 1872 1870
f 1870 1872 1868
f 1873 1875 1874
f 1874 1875 1873
f 1874 1875 1876
f 1876 1875 1874
f 1877 1878 1879
f 1879 1878 1877
f 1878 1880 1879
f 1879 1880 1878
f 1873 1874 1877
f 1877 1874 1873
f 1874 1878 1877
f 1877 1878 1874
f 1875 1879 1876
f 1876 1879 1875
f 1876 1879 1880
f 1880 1879 1876
f 1873 1877 1875
f 1875 1877 1873
f 1875 1877 1879
f 1879 1877 1875
f 1874 1876 1878
f 1878 1876 1874
f 1876 1880 1878
f 1878 1880 1876
f 1881 1883 1882
f 1882 1883 1881
f 1882 1883 1884
f 1884 1883 1882
f 1885 1886 1887
f 1887 1886 1885
f 1886 1888 1887
f 1887 1888 1886
f 1881 1882 1885
f 1885 1882 1881
f 1882 1886 1885
f 1885 1886 1882
f 1883 1887 1884
f 1884 1887 1883
f 1884 1887 1888
f 1888 1887 1884
f 1881 1885 1883
f 1883 1885 1881
f 1883 1885 1887
f 1887 1885 1883
f 1882 1884 1886
f 1886 1884 1882
f 1884 1888 1886
f 1886 1888 1884
f 1889 1891 1890
f 1890 1891 1889
f 1890 1891 1892
f 1892 1891 1890
f 1893 1894 1895
f 1895 1894 1893
f 1894 1896 1895
f 1895 1896 1894
f 1889 1890 1893
f 1893 1890 1889
f 1890 1894 1893
f 1893 1894 1890
f 1891 1895 1892
f 1892 1895 1891
f 1892 1895 1896
f 1896 1895 1892
f 1889 1893 1891
f 1891 1893 1889
f 1891 1893 1895
f 1895 1893 1891
f 1890 1892 1894
f 1894 1892 1890
f 1892 1896 1894
f 1894 1896 1892
f 1897 1899 1898
f 1898 1899 1897
f 1898 1899 1900
f 1900 1899 1898
f 1901 1902 1903
f 1903 1902 1901
f 1902 1904 1903
f 1903 1904 1902
f 1897 1898 1901
f 1901 1898 1897
f 1898 1902 1901
f 1901 1902 1898
f 1899 1903 1900
f 1900 1903 1899
f 1900 1903 1904
f 1904 1903 1900
f 1897 1901 1899
f 1899 1901 1897
f 1899 1901 1903
f 1903 1901 1899
f 1898 1900 1902
f 1902 1900 1898
f 1900 1904 1902
f 1902 1904 1900
f 1905 1907 1906
f 1906 1907 1905
f 1906 1907 1908
f 1908 1907 1906
f 1909 1910 1911
f 1911 1910 1909
f 1910 1912 1911
f 1911 1912 1910
f 1905 1906 1909
f 1909 1906 1905
f 1906 1910 1909
f 1909 1910 1906
f 1907 1911 1908
f 1908 1911 1907
f 1908 1911 1912
f 1912 1911 1908
f 1905 1909 1907
f 1907 1909 1905
f 1907 1909 1911
f 1911 1909 1907
f 1906 1908 1910
f 1910 1908 1906
f 1908 1912 1910
f 1910 1912 1908
f 1913 1915 1914
f 1914 1915 1913
f 1914 1915 1916
f 1916 1915 1914
f 1917 1918 1919
f 1919 1918 1917
f 1918 1920 1919
f 1919 1920 1918
f 1913 1914 1917
f 1917 1914 1913
f 1914 1918 1917
f 1917 1918 1914
f 1915 1919 1916
f 1916 1919 1915
f 1916 1919 1920
f 1920 1919 1916
f 1913 1917 1915
f 1915 1917 1913
f 1915 1917 1919
f 1919 1917 1915
f 1914 1916 1918
f 1918 1916 1914
f 1916 1920 1918
f 1918 1920 1916
f 1921 1923 1922
f 1922 1923 1921
f 1922 1923 1924
f 1924 1923 1922
f 1925 1926 1927
f 1927 1926 1925
f 1926 1928 1927
f 1927 1928 1926
f 1921 1922 1925
f 1925 1922 1921
f 1922 1926 1925
f 1925 1926 1922
f 1923 1927 1924
f 1924 1927 1923
f 1924 1927 1928
f 1928 1927 1924
f 1921 1925 1923
f 1923 1925 1921
f 1923 1925 1927
f 1927 1925 1923
f 1922 1924 1926
f 1926 1924 1922
f 1924 1928 1926
f 1926 1928 1924
f 1929 1931 1930
f 1930 1931 1929
f 1930 1931 1932
f 1932 1931 1930
f 1933 1934 1935
f 1935 1934 1933
f 1934 1936 1935
f 1935 1936 1934
f 1929 1930 1933
f 1933 1930 1929
f 1930 1934 1933
f 1933 1934 1930
f 1931 1935 1932
f 1932 1935 1931
f 1932 1935 1936
f 1936 1935 1932
f 1929 1933 1931
f 1931 1933 1929
f 1931 1933 1935
f 1935 1933 1931
f 1930 1932 1934
f 1934 1932 1930
f 1932 1936 1934
f 1934 1936 1932
g plate_1937
usemtl plate
v 1.95 0.432 6.305
v 1.95 0.435 6.305
v 1.95 0.432 6.46
v 1.95 0.435 6.46
v 1.95 0.432 6.46
v 1.95 0.435 6.46
v 1.77 0.432 6.46
v 1.77 0.435 6.46
v 1.77 0.432 6.46
v 1.77 0.435 6.46
v 1.77 0.432 6.305
v 1.77 0.435 6.305
v 1.77 0.432 6.305
v 1.77 0.435 6.305
v 1.95 0.432 6.305
v 1.95 0.435 6.305
v 1.77 0.432 6.305
v 1.95 0.432 6.305
v 1.77 0.432 6.46
v 1.95 0.432 6.46
v 1.95 0.435 6.305
v 1.95 0.435 6.46
v 1.77 0.435 6.305
v 1.77 0.435 6.46
v 1.95 0.432 6.52
v 1.95 0.435 6.52
v 1.95 0.432 6.675
v 1.95 0.435 6.675
v 1.95 0.432 6.675
v 1.95 0.435 6.675
v 1.77 0.432 6.675
v 1.77 0.435 6.675
v 1.77 0.432 6.675
v 1.77 0.435 6.675
v 1.77 0.432 6.52
v 1.77 0.435 6.52
v 1.77 0.432 6.52
v 1.77 0.435 6.52
v 1.95 0.432 6.52
v 1.95 0.435 6.52
v 1.77 0.432 6.52
v 1.95 0.432 6.52
v 1.77 0.432 6.675
v 1.95 0.432 6.675
v 1.95 0.435 6.52
v 1.95 0.435 6.675
v 1.77 0.435 6.52
v 1.77 0.435 6.675
v 1.95 0.282 5.625
v 1.95 0.285 5.625
v 1.95 0.282 5.78
v 1.95 0.285 5.78
v 1.95 0.282 5.78
v 1.95 0.285 5.78
v 1.77 0.282 5.78
v 1.77 0.285 5.78
v 1.77 0.282 5.78
v 1.77 0.285 5.78
v 1.77 0.282 5.625
v 1.77 0.285 5.625
v 1.77 0.282 5.625
v 1.77 0.285 5.625
v 1.95 0.282 5.625
v 1.95 0.285 5.625
v 1.77 0.282 5.625
v 1.95 0.282 5.625
v 1.77 0.282 5.78
v 1.95 0.282 5.78
v 1.95 0.285 5.625
v 1.95 0.285 5.78
v 1.77 0.285 5.625
v 1.77 0.285 5.78
v 1.95 0.282 5.84
v 1.95 0.285 5.84
v 1.95 0.282 6.02
v 1.95 0.285 6.02
v 1.95 0.282 6.02
v 1.95 0.285 6.02
v 1.77 0.282 6.02
v 1.77 0.285 6.02
v 1.77 0.282 6.02
v 1.77 0.285 6.02
v 1.77 0.282 5.84
v 1.77 0.285 5.84
v 1.77 0.282 5.84
v 1.77 0.285 5.84
v 1.95 0.282 5.84
v 1.95 0.285 5.84
v 1.77 0.282 5.84
v 1.95 0.282 5.84
v 1.77 0.282 6.02
v 1.95 0.282 6.02
v 1.95 0.285 5.84
v 1.95 0.285 6.02
v 1.77 0.285 5.84
v 1.77 0.285 6.02
v 1.95 0.282 6.08
v 1.95 0.285 6.08
v 1.95 0.282 6.26
v 1.95 0.285 6.26
v 1.95 0.282 6.26
v 1.95 0.285 6.26
v 1.77 0.282 6.26
v 1.77 0.285 6.26
v 1.77 0.282 6.26
v 1.77 0.285 6.26
v 1.77 0.282 6.08
v 1.77 0.285 6.08
v 1.77 0.282 6.08
v 1.77 0.285 6.08
v 1.95 0.282 6.08
v 1.95 0.285 6.08
v 1.77 0.282 6.08
v 1.95 0.282 6.08
v 1.77 0.282 6.26
v 1.95 0.282 6.26
v 1.95 0.285 6.08
v 1.95 0.285 6.26
v 1.77 0.285 6.08
v 1.77 0.285 6.26
f 1937 1940 1939
f 1939 1940 1937
f 1938 1940 1937
f 1937 1940 1938
f 1943 1941 1942
f 1942 1941 1943
f 1943 1942 1944
f 1944 1942 1943
f 1948 1945 1946
f 1946 1945 1948
f 1947 1945 1948
f 1948 1945 1947
f 1950 1951 1949
f 1949 1951 1950
f 1950 1952 1951
f 1951 1952 1950
f 1954 1955 1953
f 1953 1955 1954
f 1954 1956 1955
f 1955 1956 1954
f 1957 1959 1960
f 1960 1959 1957
f 1957 1960 1958
f 1958 1960 1957
f 1961 1964 1963
f 1963 1964 1961
f 1962 1964 1961
f 1961 1964 1962
f 1967 1965 1966
f 1966 1965 1967
f 1967 1966 1968
f 1968 1966 1967
f 1972 1969 1970
f 1970 1969 1972
f 1971 1969 1972
f 1972 1969 1971
f 1974 1975 1973
f 1973 1975 1974
f 1974 1976 1975
f 1975 1976 1974
f 1978 1979 1977
f 1977 1979 1978
f 1978 1980 1979
f 1979 1980 1978
f 1981 1983 1984
f 1984 1983 1981
f 1981 1984 1982
f 1982 1984 1981
f 1985 1988 1987
f 1987 1988 1985
f 1986 1988 1985
f 1985 1988 1986
f 1991 1989 1990
f 1990 1989 1991
f 1991 1990 1992
f 1992 1990 1991
f 1996 1993 1994
f 1994 1993 1996
f 1995 1993 1996
f 1996 1993 1995
f 1998 1999 1997
f 1997 1999 1998
f 1998 2000 1999
f 1999 2000 1998
f 2002 2003 2001
f 2001 2003 2002
f 2002 2004 2003
f 2003 2004 2002
f 2005 2007 2008
f 2008 2007 2005
f 2005 2008 2006
f 2006 2008 2005
f 2010 2011 2009
f 2009 2011 2010
f 2010 2012 2011
f 2011 2012 2010
f 2015 2013 2014
f 2014 2013 2015
f 2015 2014 2016
f 2016 2014 2015
f 2019 2017 2018
f 2018 2017 2019
f 2019 2018 2020
f 2020 2018 2019
f 2022 2023 2021
f 2021 2023 2022
f 2022 2024 2023
f 2023 2024 2022
f 2026 2027 2025
f 2025 2027 2026
f 2026 2028 2027
f 2027 2028 2026
f 2029 2031 2032
f 2032 2031 2029
f 2029 2032 2030
f 2030 2032 2029
f 2034 2035 2033
f 2033 2035 2034
f 2034 2036 2035
f 2035 2036 2034
f 2039 2037 2038
f 2038 2037 2039
f 2039 2038 2040
f 2040 2038 2039
f 2043 2041 2042
f 2042 2041 2043
f 2043 2042 2044
f 2044 2042 2043
f 2046 2047 2045
f 2045 2047 2046
f 2046 2048 2047
f 2047 2048 2046
f 2050 2051 2049
f 2049 2051 2050
f 2050 2052 2051
f 2051 2052 2050
f 2053 2055 2056
f 2056 2055 2053
f 2053 2056 2054
f 2054 2056 2053
g alu_2057
usemtl alu
v 1.925 0.1 7.8
v 1.725 0.1 7.8
v 1.925 0.125 7.8
v 1.725 0.125 7.8
v 1.925 0.1 7.775
v 1.725 0.1 7.775
v 1.925 0.125 7.775
v 1.725 0.125 7.775
v 1.925 0.1 6.925
v 1.725 0.1 6.925
v 1.925 0.125 6.925
v 1.725 0.125 6.925
v 1.925 0.1 6.9
v 1.725 0.1 6.9
v 1.925 0.125 6.9
v 1.725 0.125 6.9
v 1.925 0.1 7.475
v 1.725 0.1 7.475
v 1.925 0.125 7.475
v 1.725 0.125 7.475
v 1.925 0.1 7.45
v 1.725 0.1 7.45
v 1.925 0.125 7.45
v 1.725 0.125 7.45
v 1.925 0.1 7.25
v 1.725 0.1 7.25
v 1.925 0.125 7.25
v 1.725 0.125 7.25
v 1.925 0.1 7.225
v 1.725 0.1 7.225
v 1.925 0.125 7.225
v 1.725 0.125 7.225
v 1.925 0.285 6.925
v 1.925 0.285 7.775
v 1.95 0.285 6.925
v 1.95 0.285 7.775
v 1.925 0.31 6.925
v 1.925 0.31 7.775
v 1.95 0.31 6.925
v 1.95 0.31 7.775
v 1.7 1.06 7.775
v 1.7 1.06 6.925
v 1.7 1.085 7.775
v 1.7 1.085 6.925
v 1.725 1.06 7.775
v 1.725 1.06 6.925
v 1.725 1.085 7.775
v 1.725 1.085 6.925
v 1.7 0.257 6.925
v 1.7 0.257 7.775
v 1.725 0.257 6.925
v 1.725 0.257 7.775
v 1.7 0.282 6.925
v 1.7 0.282 7.775
v 1.725 0.282 6.925
v 1.725 0.282 7.775
v 1.7 0.582 6.925
v 1.7 0.582 7.775
v 1.725 0.582 6.925
v 1.725 0.582 7.775
v 1.7 0.607 6.925
v 1.7 0.607 7.775
v 1.725 0.607 6.925
v 1.725 0.607 7.775
v 1.925 0.835 6.925
v 1.925 0.835 7.775
v 1.95 0.835 6.925
v 1.95 0.835 7.775
v 1.925 0.86 6.925
v 1.925 0.86 7.775
v 1.95 0.86 6.925
v 1.95 0.86 7.775
v 1.925 0.61 6.925
v 1.925 0.61 7.775
v 1.95 0.61 6.925
v 1.95 0.61 7.775
v 1.925 0.635 6.925
v 1.925 0.635 7.775
v 1.95 0.635 6.925
v 1.95 0.635 7.775
v 1.725 0.86 7.8
v 1.95 0.86 7.8
v 1.725 0.835 7.8
v 1.95 0.835 7.8
v 1.725 0.86 7.775
v 1.95 0.86 7.775
v 1.725 0.835 7.775
v 1.95 0.835 7.775
v 1.725 0.86 6.9
v 1.95 0.86 6.9
v 1.725 0.86 6.925
v 1.95 0.86 6.925
v 1.725 0.835 6.9
v 1.95 0.835 6.9
v 1.725 0.835 6.925
v 1.95 0.835 6.925
v 1.725 1.085 7.8
v 1.95 0.86 7.8
v 1.68975 1.04975 7.8
v 1.91475 0.82475 7.8
v 1.725 1.085 7.775
v 1.95 0.86 7.775
v 1.68975 1.04975 7.775
v 1.91475 0.82475 7.775
v 1.725 1.085 6.925
v 1.95 0.86 6.925
v 1.68975 1.04975 6.925
v 1.91475 0.82475 6.925
v 1.725 1.085 6.9
v 1.95 0.86 6.9
v 1.68975 1.04975 6.9
v 1.91475 0.82475 6.9
v 1.7 0.832 7.775
v 1.7 0.832 6.925
v 1.725 0.832 7.775
v 1.725 0.832 6.925
v 1.7 0.807 7.775
v 1.7 0.807 6.925
v 1.725 0.807 7.775
v 1.725 0.807 6.925
v 1.725 1.085 7.475
v 1.95 0.86 7.475
v 1.68975 1.04975 7.475
v 1.91475 0.82475 7.475
v 1.725 1.085 7.45
v 1.95 0.86 7.45
v 1.68975 1.04975 7.45
v 1.91475 0.82475 7.45
v 1.725 1.085 7.25
v 1.95 0.86 7.25
v 1.68975 1.04975 7.25
v 1.91475 0.82475 7.25
v 1.725 1.085 7.225
v 1.95 0.86 7.225
v 1.68975 1.04975 7.225
v 1.91475 0.82475 7.225
v 1.925 0.31 7.45
v 1.925 0.61 7.45
v 1.925 0.31 7.475
v 1.925 0.61 7.475
v 1.95 0.31 7.45
v 1.95 0.61 7.45
v 1.95 0.31 7.475
v 1.95 0.61 7.475
v 1.95 0.31 7.225
v 1.95 0.61 7.225
v 1.925 0.31 7.225
v 1.925 0.61 7.225
v 1.95 0.31 7.25
v 1.95 0.61 7.25
v 1.925 0.31 7.25
v 1.925 0.61 7.25
v 1.925 0.635 7.45
v 1.925 0.835 7.45
v 1.925 0.635 7.475
v 1.925 0.835 7.475
v 1.95 0.635 7.45
v 1.95 0.835 7.45
v 1.95 0.635 7.475
v 1.95 0.835 7.475
v 1.95 0.635 7.225
v 1.95 0.835 7.225
v 1.925 0.635 7.225
v 1.925 0.835 7.225
v 1.95 0.635 7.25
v 1.95 0.835 7.25
v 1.925 0.635 7.25
v 1.925 0.835 7.25
v 1.925 0.835 7.475
v 1.725 0.835 7.475
v 1.925 0.86 7.475
v 1.725 0.86 7.475
v 1.925 0.835 7.45
v 1.725 0.835 7.45
v 1.925 0.86 7.45
v 1.725 0.86 7.45
v 1.925 0.835 7.25
v 1.725 0.835 7.25
v 1.925 0.86 7.25
v 1.725 0.86 7.25
v 1.925 0.835 7.225
v 1.725 0.835 7.225
v 1.925 0.86 7.225
v 1.725 0.86 7.225
v 1.725 0.832 7.225
v 1.725 1.06 7.225
v 1.7 0.832 7.225
v 1.7 1.06 7.225
v 1.725 0.832 7.25
v 1.725 1.06 7.25
v 1.7 0.832 7.25
v 1.7 1.06 7.25
v 1.725 0.832 7.45
v 1.725 1.06 7.45
v 1.7 0.832 7.45
v 1.7 1.06 7.45
v 1.725 0.832 7.475
v 1.725 1.06 7.475
v 1.7 0.832 7.475
v 1.7 1.06 7.475
v 1.725 0.05 6.9
v 1.725 1.085 6.9
v 1.7 0.05 6.9
v 1.7 1.085 6.9
v 1.725 0.05 6.925
v 1.725 1.085 6.925
v 1.7 0.05 6.925
v 1.7 1.085 6.925
v 1.7 0.05 7.775
v 1.7 1.085 7.775
v 1.7 0.05 7.8
v 1.7 1.085 7.8
v 1.725 0.05 7.775
v 1.725 1.085 7.775
v 1.725 0.05 7.8
v 1.725 1.085 7.8
v 1.925 0.1 6.925
v 1.925 0.1 7.775
v 1.95 0.1 6.925
v 1.95 0.1 7.775
v 1.925 0.125 6.925
v 1.925 0.125 7.775
v 1.95 0.125 6.925
v 1.95 0.125 7.775
v 1.7 0.125 7.775
v 1.7 0.125 6.925
v 1.725 0.125 7.775
v 1.725 0.125 6.925
v 1.7 0.1 7.775
v 1.7 0.1 6.925
v 1.725 0.1 7.775
v 1.725 0.1 6.925
v 1.812 0.125 7.775
v 1.812 0.835 7.775
v 1.812 0.125 7.8
v 1.812 0.835 7.8
v 1.837 0.125 7.775
v 1.837 0.835 7.775
v 1.837 0.125 7.8
v 1.837 0.835 7.8
v 1.837 0.125 7.45
v 1.837 0.835 7.45
v 1.812 0.125 7.45
v 1.812 0.835 7.45
v 1.837 0.125 7.475
v 1.837 0.835 7.475
v 1.812 0.125 7.475
v 1.812 0.835 7.475
v 1.837 0.125 7.225
v 1.837 0.835 7.225
v 1.812 0.125 7.225
v 1.812 0.835 7.225
v 1.837 0.125 7.25
v 1.837 0.835 7.25
v 1.812 0.125 7.25
v 1.812 0.835 7.25
v 1.837 0.125 6.9
v 1.837 0.835 6.9
v 1.812 0.125 6.9
v 1.812 0.835 6.9
v 1.837 0.125 6.925
v 1.837 0.835 6.925
v 1.812 0.125 6.925
v 1.812 0.835 6.925
v 1.925 0.05 7.8
v 1.925 0.835 7.8
v 1.95 0.05 7.8
v 1.95 0.835 7.8
v 1.925 0.05 7.775
v 1.925 0.835 7.775
v 1.95 0.05 7.775
v 1.95 0.835 7.775
v 1.95 0.05 6.9
v 1.95 0.835 6.9
v 1.925 0.05 6.9
v 1.925 0.835 6.9
v 1.95 0.05 6.925
v 1.95 0.835 6.925
v 1.925 0.05 6.925
v 1.925 0.835 6.925
f 2057 2059 2058
f 2058 2059 2057
f 2058 2059 2060
f 2060 2059 2058
f 2061 2062 2063
f 2063 2062 2061
f 2062 2064 2063
f 2063 2064 2062
f 2057 2058 2061
f 2061 2058 2057
f 2058 2062 2061
f 2061 2062 2058
f 2059 2063 2060
f 2060 2063 2059
f 2060 2063 2064
f 2064 2063 2060
f 2057 2061 2059
f 2059 2061 2057
f 2059 2061 2063
f 2063 2061 2059
f 2058 2060 2062
f 2062 2060 2058
f 2060 2064 2062
f 2062 2064 2060
f 2065 2067 2066
f 2066 2067 2065
f 2066 2067 2068
f 2068 2067 2066
f 2069 2070 2071
f 2071 2070 2069
f 2070 2072 2071
f 2071 2072 2070
f 2065 2066 2069
f 2069 2066 2065
f 2066 2070 2069
f 2069 2070 2066
f 2067 2071 2068
f 2068 2071 2067
f 2068 2071 2072
f 2072 2071 2068
f 2065 2069 2067
f 2067 2069 2065
f 2067 2069 2071
f 2071 2069 2067
f 2066 2068 2070
f 2070 2068 2066
f 2068 2072 2070
f 2070 2072 2068
f 2073 2075 2074
f 2074 2075 2073
f 2074 2075 2076
f 2076 2075 2074
f 2077 2078 2079
f 2079 2078 2077
f 2078 2080 2079
f 2079 2080 2078
f 2073 2074 2077
f 2077 2074 2073
f 2074 2078 2077
f 2077 2078 2074
f 2075 2079 2076
f 2076 2079 2075
f 2076 2079 2080
f 2080 2079 2076
f 2073 2077 2075
f 2075 2077 2073
f 2075 2077 2079
f 2079 2077 2075
f 2074 2076 2078
f 2078 2076 2074
f 2076 2080 2078
f 2078 2080 2076
f 2081 2083 2082
f 2082 2083 2081
f 2082 2083 2084
f 2084 2083 2082
f 2085 2086 2087
f 2087 2086 2085
f 2086 2088 2087
f 2087 2088 2086
f 2081 2082 2085
f 2085 2082 2081
f 2082 2086 2085
f 2085 2086 2082
f 2083 2087 2084
f 2084 2087 2083
f 2084 2087 2088
f 2088 2087 2084
f 2081 2085 2083
f 2083 2085 2081
f 2083 2085 2087
f 2087 2085 2083
f 2082 2084 2086
f 2086 2084 2082
f 2084 2088 2086
f 2086 2088 2084
f 2089 2091 2090
f 2090 2091 2089
f 2090 2091 2092
f 2092 2091 2090
f 2093 2094 2095
f 2095 2094 2093
f 2094 2096 2095
f 2095 2096 2094
f 2089 2090 2093
f 2093 2090 2089
f 2090 2094 2093
f 2093 2094 2090
f 2091 2095 2092
f 2092 2095 2091
f 2092 2095 2096
f 2096 2095 2092
f 2089 2093 2091
f 2091 2093 2089
f 2091 2093 2095
f 2095 2093 2091
f 2090 2092 2094
f 2094 2092 2090
f 2092 2096 2094
f 2094 2096 2092
f 2097 2099 2098
f 2098 2099 2097
f 2098 2099 2100
f 2100 2099 2098
f 2101 2102 2103
f 2103 2102 2101
f 2102 2104 2103
f 2103 2104 2102
f 2097 2098 2101
f 2101 2098 2097
f 2098 2102 2101
f 2101 2102 2098
f 2099 2103 2100
f 2100 2103 2099
f 2100 2103 2104
f 2104 2103 2100
f 2097 2101 2099
f 2099 2101 2097
f 2099 2101 2103
f 2103 2101 2099
f 2098 2100 2102
f 2102 2100 2098
f 2100 2104 2102
f 2102 2104 2100
f 2105 2107 2106
f 2106 2107 2105
f 2106 2107 2108
f 2108 2107 2106
f 2109 2110 2111
f 2111 2110 2109
f 2110 2112 2111
f 2111 2112 2110
f 2105 2106 2109
f 2109 2106 2105
f 2106 2110 2109
f 2109 2110 2106
f 2107 2111 2108
f 2108 2111 2107
f 2108 2111 2112
f 2112 2111 2108
f 2105 2109 2107
f 2107 2109 2105
f 2107 2109 2111
f 2111 2109 2107
f 2106 2108 2110
f 2110 2108 2106
f 2108 2112 2110
f 2110 2112 2108
f 2113 2115 2114
f 2114 2115 2113
f 2114 2115 2116
f 2116 2115 2114
f 2117 2118 2119
f 2119 2118 2117
f 2118 2120 2119
f 2119 2120 2118
f 2113 2114 2117
f 2117 2114 2113
f 2114 2118 2117
f 2117 2118 2114
f 2115 2119 2116
f 2116 2119 2115
f 2116 2119 2120
f 2120 2119 2116
f 2113 2117 2115
f 2115 2117 2113
f 2115 2117 2119
f 2119 2117 2115
f 2114 2116 2118
f 2118 2116 2114
f 2116 2120 2118
f 2118 2120 2116
f 2121 2123 2122
f 2122 2123 2121
f 2122 2123 2124
f 2124 2123 2122
f 2125 2126 2127
f 2127 2126 2125
f 2126 2128 2127
f 2127 2128 2126
f 2121 2122 2125
f 2125 2122 2121
f 2122 2126 2125
f 2125 2126 2122
f 2123 2127 2124
f 2124 2127 2123
f 2124 2127 2128
f 2128 2127 2124
f 2121 2125 2123
f 2123 2125 2121
f 2123 2125 2127
f 2127 2125 2123
f 2122 2124 2126
f 2126 2124 2122
f 2124 2128 2126
f 2126 2128 2124
f 2129 2131 2130
f 2130 2131 2129
f 2130 2131 2132
f 2132 2131 2130
f 2133 2134 2135
f 2135 2134 2133
f 2134 2136 2135
f 2135 2136 2134
f 2129 2130 2133
f 2133 2130 2129
f 2130 2134 2133
f 2133 2134 2130
f 2131 2135 2132
f 2132 2135 2131
f 2132 2135 2136
f 2136 2135 2132
f 2129 2133 2131
f 2131 2133 2129
f 2131 2133 2135
f 2135 2133 2131
f 2130 2132 2134
f 2134 2132 2130
f 2132 2136 2134
f 2134 2136 2132
f 2137 2139 2138
f 2138 2139 2137
f 2138 2139 2140
f 2140 2139 2138
f 2141 2142 2143
f 2143 2142 2141
f 2142 2144 2143
f 2143 2144 2142
f 2137 2138 2141
f 2141 2138 2137
f 2138 2142 2141
f 2141 2142 2138
f 2139 2143 2140
f 2140 2143 2139
f 2140 2143 2144
f 2144 2143 2140
f 2137 2141 2139
f 2139 2141 2137
f 2139 2141 2143
f 2143 2141 2139
f 2138 2140 2142
f 2142 2140 2138
f 2140 2144 2142
f 2142 2144 2140
f 2145 2147 2146
f 2146 2147 2145
f 2146 2147 2148
f 2148 2147 2146
f 2149 2150 2151
f 2151 2150 2149
f 2150 2152 2151
f 2151 2152 2150
f 2145 2146 2149
f 2149 2146 2145
f 2146 2150 2149
f 2149 2150 2146
f 2147 2151 2148
f 2148 2151 2147
f 2148 2151 2152
f 2152 2151 2148
f 2145 2149 2147
f 2147 2149 2145
f 2147 2149 2151
f 2151 2149 2147
f 2146 2148 2150
f 2150 2148 2146
f 2148 2152 2150
f 2150 2152 2148
f 2153 2155 2154
f 2154 2155 2153
f 2154 2155 2156
f 2156 2155 2154
f 2157 2158 2159
f 2159 2158 2157
f 2158 2160 2159
f 2159 2160 2158
f 2153 2154 2157
f 2157 2154 2153
f 2154 2158 2157
f 2157 2158 2154
f 2155 2159 2156
f 2156 2159 2155
f 2156 2159 2160
f 2160 2159 2156
f 2153 2157 2155
f 2155 2157 2153
f 2155 2157 2159
f 2159 2157 2155
f 2154 2156 2158
f 2158 2156 2154
f 2156 2160 2158
f 2158 2160 2156
f 2161 2163 2162
f 2162 2163 2161
f 2162 2163 2164
f 2164 2163 2162
f 2165 2166 2167
f 2167 2166 2165
f 2166 2168 2167
f 2167 2168 2166
f 2161 2162 2165
f 2165 2162 2161
f 2162 2166 2165
f 2165 2166 2162
f 2163 2167 2164
f 2164 2167 2163
f 2164 2167 2168
f 2168 2167 2164
f 2161 2165 2163
f 2163 2165 2161
f 2163 2165 2167
f 2167 2165 2163
f 2162 2164 2166
f 2166 2164 2162
f 2164 2168 2166
f 2166 2168 2164
f 2169 2171 2170
f 2170 2171 2169
f 2170 2171 2172
f 2172 2171 2170
f 2173 2174 2175
f 2175 2174 2173
f 2174 2176 2175
f 2175 2176 2174
f 2169 2170 2173
f 2173 2170 2169
f 2170 2174 2173
f 2173 2174 2170
f 2171 2175 2172
f 2172 2175 2171
f 2172 2175 2176
f 2176 2175 2172
f 2169 2173 2171
f 2171 2173 2169
f 2171 2173 2175
f 2175 2173 2171
f 2170 2172 2174
f 2174 2172 2170
f 2172 2176 2174
f 2174 2176 2172
f 2177 2179 2178
f 2178 2179 2177
f 2178 2179 2180
f 2180 2179 2178
f 2181 2182 2183
f 2183 2182 2181
f 2182 2184 2183
f 2183 2184 2182
f 2177 2178 2181
f 2181 2178 2177
f 2178 2182 2181
f 2181 2182 2178
f 2179 2183 2180
f 2180 2183 2179
f 2180 2183 2184
f 2184 2183 2180
f 2177 2181 2179
f 2179 2181 2177
f 2179 2181 2183
f 2183 2181 2179
f 2178 2180 2182
f 2182 2180 2178
f 2180 2184 2182
f 2182 2184 2180
f 2185 2187 2186
f 2186 2187 2185
f 2186 2187 2188
f 2188 2187 2186
f 2189 2190 2191
f 2191 2190 2189
f 2190 2192 2191
f 2191 2192 2190
f 2185 2186 2189
f 2189 2186 2185
f 2186 2190 2189
f 2189 2190 2186
f 2187 2191 2188
f 2188 2191 2187
f 2188 2191 2192
f 2192 2191 2188
f 2185 2189 2187
f 2187 2189 2185
f 2187 2189 2191
f 2191 2189 2187
f 2186 2188 2190
f 2190 2188 2186
f 2188 2192 2190
f 2190 2192 2188
f 2193 2195 2194
f 2194 2195 2193
f 2194 2195 2196
f 2196 2195 2194
f 2197 2198 2199
f 2199 2198 2197
f 2198 2200 2199
f 2199 2200 2198
f 2193 2194 2197
f 2197 2194 2193
f 2194 2198 2197
f 2197 2198 2194
f 2195 2199 2196
f 2196 2199 2195
f 2196 2199 2200
f 2200 2199 2196
f 2193 2197 2195
f 2195 2197 2193
f 2195 2197 2199
f 2199 2197 2195
f 2194 2196 2198
f 2198 2196 2194
f 2196 2200 2198
f 2198 2200 2196
f 2201 2203 2202
f 2202 2203 2201
f 2202 2203 2204
f 2204 2203 2202
f 2205 2206 2207
f 2207 2206 2205
f 2206 2208 2207
f 2207 2208 2206
f 2201 2202 2205
f 2205 2202 2201
f 2202 2206 2205
f 2205 2206 2202
f 2203 2207 2204
f 2204 2207 2203
f 2204 2207 2208
f 2208 2207 2204
f 2201 2205 2203
f 2203 2205 2201
f 2203 2205 2207
f 2207 2205 2203
f 2202 2204 2206
f 2206 2204 2202
f 2204 2208 2206
f 2206 2208 2204
f 2209 2211 2210
f 2210 2211 2209
f 2210 2211 2212
f 2212 2211 2210
f 2213 2214 2215
f 2215 2214 2213
f 2214 2216 2215
f 2215 2216 2214
f 2209 2210 2213
f 2213 2210 2209
f 2210 2214 2213
f 2213 2214 2210
f 2211 2215 2212
f 2212 2215 2211
f 2212 2215 2216
f 2216 2215 2212
f 2209 2213 2211
f 2211 2213 2209
f 2211 2213 2215
f 2215 2213 2211
f 2210 2212 2214
f 2214 2212 2210
f 2212 2216 2214
f 2214 2216 2212
f 2217 2219 2218
f 2218 2219 2217
f 2218 2219 2220
f 2220 2219 2218
f 2221 2222 2223
f 2223 2222 2221
f 2222 2224 2223
f 2223 2224 2222
f 2217 2218 2221
f 2221 2218 2217
f 2218 2222 2221
f 2221 2222 2218
f 2219 2223 2220
f 2220 2223 2219
f 2220 2223 2224
f 2224 2223 2220
f 2217 2221 2219
f 2219 2221 2217
f 2219 2221 2223
f 2223 2221 2219
f 2218 2220 2222
f 2222 2220 2218
f 2220 2224 2222
f 2222 2224 2220
f 2225 2227 2226
f 2226 2227 2225
f 2226 2227 2228
f 2228 2227 2226
f 2229 2230 2231
f 2231 2230 2229
f 2230 2232 2231
f 2231 2232 2230
f 2225 2226 2229
f 2229 2226 2225
f 2226 2230 2229
f 2229 2230 2226
f 2227 2231 2228
f 2228 2231 2227
f 2228 2231 2232
f 2232 2231 2228
f 2225 2229 2227
f 2227 2229 2225
f 2227 2229 2231
f 2231 2229 2227
f 2226 2228 2230
f 2230 2228 2226
f 2228 2232 2230
f 2230 2232 2228
f 2233 2235 2234
f 2234 2235 2233
f 2234 2235 2236
f 2236 2235 2234
f 2237 2238 2239
f 2239 2238 2237
f 2238 2240 2239
f 2239 2240 2238
f 2233 2234 2237
f 2237 2234 2233
f 2234 2238 2237
f 2237 2238 2234
f 2235 2239 2236
f 2236 2239 2235
f 2236 2239 2240
f 2240 2239 2236
f 2233 2237 2235
f 2235 2237 2233
f 2235 2237 2239
f 2239 2237 2235
f 2234 2236 2238
f 2238 2236 2234
f 2236 2240 2238
f 2238 2240 2236
f 2241 2243 2242
f 2242 2243 2241
f 2242 2243 2244
f 2244 2243 2242
f 2245 2246 2247
f 2247 2246 2245
f 2246 2248 2247
f 2247 2248 2246
f 2241 2242 2245
f 2245 2242 2241
f 2242 2246 2245
f 2245 2246 2242
f 2243 2247 2244
f 2244 2247 2243
f 2244 2247 2248
f 2248 2247 2244
f 2241 2245 2243
f 2243 2245 2241
f 2243 2245 2247
f 2247 2245 2243
f 2242 2244 2246
f 2246 2244 2242
f 2244 2248 2246
f 2246 2248 2244
f 2249 2251 2250
f 2250 2251 2249
f 2250 2251 2252
f 2252 2251 2250
f 2253 2254 2255
f 2255 2254 2253
f 2254 2256 2255
f 2255 2256 2254
f 2249 2250 2253
f 2253 2250 2249
f 2250 2254 2253
f 2253 2254 2250
f 2251 2255 2252
f 2252 2255 2251
f 2252 2255 2256
f 2256 2255 2252
f 2249 2253 2251
f 2251 2253 2249
f 2251 2253 2255
f 2255 2253 2251
f 2250 2252 2254
f 2254 2252 2250
f 2252 2256 2254
f 2254 2256 2252
f 2257 2259 2258
f 2258 2259 2257
f 2258 2259 2260
f 2260 2259 2258
f 2261 2262 2263
f 2263 2262 2261
f 2262 2264 2263
f 2263 2264 2262
f 2257 2258 2261
f 2261 2258 2257
f 2258 2262 2261
f 2261 2262 2258
f 2259 2263 2260
f 2260 2263 2259
f 2260 2263 2264
f 2264 2263 2260
f 2257 2261 2259
f 2259 2261 2257
f 2259 2261 2263
f 2263 2261 2259
f 2258 2260 2262
f 2262 2260 2258
f 2260 2264 2262
f 2262 2264 2260
f 2265 2267 2266
f 2266 2267 2265
f 2266 2267 2268
f 2268 2267 2266
f 2269 2270 2271
f 2271 2270 2269
f 2270 2272 2271
f 2271 2272 2270
f 2265 2266 2269
f 2269 2266 2265
f 2266 2270 2269
f 2269 2270 2266
f 2267 2271 2268
f 2268 2271 2267
f 2268 2271 2272
f 2272 2271 2268
f 2265 2269 2267
f 2267 2269 2265
f 2267 2269 2271
f 2271 2269 2267
f 2266 2268 2270
f 2270 2268 2266
f 2268 2272 2270
f 2270 2272 2268
f 2273 2275 2274
f 2274 2275 2273
f 2274 2275 2276
f 2276 2275 2274
f 2277 2278 2279
f 2279 2278 2277
f 2278 2280 2279
f 2279 2280 2278
f 2273 2274 2277
f 2277 2274 2273
f 2274 2278 2277
f 2277 2278 2274
f 2275 2279 2276
f 2276 2279 2275
f 2276 2279 2280
f 2280 2279 2276
f 2273 2277 2275
f 2275 2277 2273
f 2275 2277 2279
f 2279 2277 2275
f 2274 2276 2278
f 2278 2276 2274
f 2276 2280 2278
f 2278 2280 2276
f 2281 2283 2282
f 2282 2283 2281
f 2282 2283 2284
f 2284 2283 2282
f 2285 2286 2287
f 2287 2286 2285
f 2286 2288 2287
f 2287 2288 2286
f 2281 2282 2285
f 2285 2282 2281
f 2282 2286 2285
f 2285 2286 2282
f 2283 2287 2284
f 2284 2287 2283
f 2284 2287 2288
f 2288 2287 2284
f 2281 2285 2283
f 2283 2285 2281
f 2283 2285 2287
f 2287 2285 2283
f 2282 2284 2286
f 2286 2284 2282
f 2284 2288 2286
f 2286 2288 2284
f 2289 2291 2290
f 2290 2291 2289
f 2290 2291 2292
f 2292 2291 2290
f 2293 2294 2295
f 2295 2294 2293
f 2294 2296 2295
f 2295 2296 2294
f 2289 2290 2293
f 2293 2290 2289
f 2290 2294 2293
f 2293 2294 2290
f 2291 2295 2292
f 2292 2295 2291
f 2292 2295 2296
f 2296 2295 2292
f 2289 2293 2291
f 2291 2293 2289
f 2291 2293 2295
f 2295 2293 2291
f 2290 2292 2294
f 2294 2292 2290
f 2292 2296 2294
f 2294 2296 2292
f 2297 2299 2298
f 2298 2299 2297
f 2298 2299 2300
f 2300 2299 2298
f 2301 2302 2303
f 2303 2302 2301
f 2302 2304 2303
f 2303 2304 2302
f 2297 2298 2301
f 2301 2298 2297
f 2298 2302 2301
f 2301 2302 2298
f 2299 2303 2300
f 2300 2303 2299
f 2300 2303 2304
f 2304 2303 2300
f 2297 2301 2299
f 2299 2301 2297
f 2299 2301 2303
f 2303 2301 2299
f 2298 2300 2302
f 2302 2300 2298
f 2300 2304 2302
f 2302 2304 2300
f 2305 2307 2306
f 2306 2307 2305
f 2306 2307 2308
f 2308 2307 2306
f 2309 2310 2311
f 2311 2310 2309
f 2310 2312 2311
f 2311 2312 2310
f 2305 2306 2309
f 2309 2306 2305
f 2306 2310 2309
f 2309 2310 2306
f 2307 2311 2308
f 2308 2311 2307
f 2308 2311 2312
f 2312 2311 2308
f 2305 2309 2307
f 2307 2309 2305
f 2307 2309 2311
f 2311 2309 2307
f 2306 2308 2310
f 2310 2308 2306
f 2308 2312 2310
f 2310 2312 2308
f 2313 2315 2314
f 2314 2315 2313
f 2314 2315 2316
f 2316 2315 2314
f 2317 2318 2319
f 2319 2318 2317
f 2318 2320 2319
f 2319 2320 2318
f 2313 2314 2317
f 2317 2314 2313
f 2314 2318 2317
f 2317 2318 2314
f 2315 2319 2316
f 2316 2319 2315
f 2316 2319 2320
f 2320 2319 2316
f 2313 2317 2315
f 2315 2317 2313
f 2315 2317 2319
f 2319 2317 2315
f 2314 2316 2318
f 2318 2316 2314
f 2316 2320 2318
f 2318 2320 2316
f 2321 2323 2322
f 2322 2323 2321
f 2322 2323 2324
f 2324 2323 2322
f 2325 2326 2327
f 2327 2326 2325
f 2326 2328 2327
f 2327 2328 2326
f 2321 2322 2325
f 2325 2322 2321
f 2322 2326 2325
f 2325 2326 2322
f 2323 2327 2324
f 2324 2327 2323
f 2324 2327 2328
f 2328 2327 2324
f 2321 2325 2323
f 2323 2325 2321
f 2323 2325 2327
f 2327 2325 2323
f 2322 2324 2326
f 2326 2324 2322
f 2324 2328 2326
f 2326 2328 2324
f 2329 2331 2330
f 2330 2331 2329
f 2330 2331 2332
f 2332 2331 2330
f 2333 2334 2335
f 2335 2334 2333
f 2334 2336 2335
f 2335 2336 2334
f 2329 2330 2333
f 2333 2330 2329
f 2330 2334 2333
f 2333 2334 2330
f 2331 2335 2332
f 2332 2335 2331
f 2332 2335 2336
f 2336 2335 2332
f 2329 2333 2331
f 2331 2333 2329
f 2331 2333 2335
f 2335 2333 2331
f 2330 2332 2334
f 2334 2332 2330
f 2332 2336 2334
f 2334 2336 2332
g shelf_2337
usemtl shelf
v 1.7 0.282 7.475
v 1.7 0.285 7.475
v 1.95 0.282 7.475
v 1.95 0.285 7.475
v 1.95 0.282 7.475
v 1.95 0.285 7.475
v 1.95 0.282 7.775
v 1.95 0.285 7.775
v 1.95 0.282 7.775
v 1.95 0.285 7.775
v 1.7 0.282 7.775
v 1.7 0.285 7.775
v 1.7 0.282 7.775
v 1.7 0.285 7.775
v 1.7 0.282 7.475
v 1.7 0.285 7.475
v 1.7 0.282 7.775
v 1.7 0.282 7.475
v 1.95 0.282 7.775
v 1.95 0.282 7.475
v 1.7 0.285 7.475
v 1.95 0.285 7.475
v 1.7 0.285 7.775
v 1.95 0.285 7.775
v 1.7 0.282 7.25
v 1.7 0.285 7.25
v 1.95 0.282 7.25
v 1.95 0.285 7.25
v 1.95 0.282 7.25
v 1.95 0.285 7.25
v 1.95 0.282 7.45
v 1.95 0.285 7.45
v 1.95 0.282 7.45
v 1.95 0.285 7.45
v 1.7 0.282 7.45
v 1.7 0.285 7.45
v 1.7 0.282 7.45
v 1.7 0.285 7.45
v 1.7 0.282 7.25
v 1.7 0.285 7.25
v 1.7 0.282 7.45
v 1.7 0.282 7.25
v 1.95 0.282 7.45
v 1.95 0.282 7.25
v 1.7 0.285 7.25
v 1.95 0.285 7.25
v 1.7 0.285 7.45
v 1.95 0.285 7.45
v 1.7 0.282 6.925
v 1.7 0.285 6.925
v 1.95 0.282 6.925
v 1.95 0.285 6.925
v 1.95 0.282 6.925
v 1.95 0.285 6.925
v 1.95 0.282 7.225
v 1.95 0.285 7.225
v 1.95 0.282 7.225
v 1.95 0.285 7.225
v 1.7 0.282 7.225
v 1.7 0.285 7.225
v 1.7 0.282 7.225
v 1.7 0.285 7.225
v 1.7 0.282 6.925
v 1.7 0.285 6.925
v 1.7 0.282 7.225
v 1.7 0.282 6.925
v 1.95 0.282 7.225
v 1.95 0.282 6.925
v 1.7 0.285 6.925
v 1.95 0.285 6.925
v 1.7 0.285 7.225
v 1.95 0.285 7.225
v 1.7 0.607 7.475
v 1.7 0.61 7.475
v 1.95 0.607 7.475
v 1.95 0.61 7.475
v 1.95 0.607 7.475
v 1.95 0.61 7.475
v 1.95 0.607 7.775
v 1.95 0.61 7.775
v 1.95 0.607 7.775
v 1.95 0.61 7.775
v 1.7 0.607 7.775
v 1.7 0.61 7.775
v 1.7 0.607 7.775
v 1.7 0.61 7.775
v 1.7 0.607 7.475
v 1.7 0.61 7.475
v 1.7 0.607 7.775
v 1.7 0.607 7.475
v 1.95 0.607 7.775
v 1.95 0.607 7.475
v 1.7 0.61 7.475
v 1.95 0.61 7.475
v 1.7 0.61 7.775
v 1.95 0.61 7.775
v 1.7 0.607 7.25
v 1.7 0.61 7.25
v 1.95 0.607 7.25
v 1.95 0.61 7.25
v 1.95 0.607 7.25
v 1.95 0.61 7.25
v 1.95 0.607 7.45
v 1.95 0.61 7.45
v 1.95 0.607 7.45
v 1.95 0.61 7.45
v 1.7 0.607 7.45
v 1.7 0.61 7.45
v 1.7 0.607 7.45
v 1.7 0.61 7.45
v 1.7 0.607 7.25
v 1.7 0.61 7.25
v 1.7 0.607 7.45
v 1.7 0.607 7.25
v 1.95 0.607 7.45
v 1.95 0.607 7.25
v 1.7 0.61 7.25
v 1.95 0.61 7.25
v 1.7 0.61 7.45
v 1.95 0.61 7.45
v 1.7 0.61 7.225
v 1.7 0.607 7.225
v 1.95 0.61 7.225
v 1.95 0.607 7.225
v 1.95 0.61 7.225
v 1.95 0.607 7.225
v 1.95 0.61 6.925
v 1.95 0.607 6.925
v 1.95 0.61 6.925
v 1.95 0.607 6.925
v 1.7 0.61 6.925
v 1.7 0.607 6.925
v 1.7 0.61 6.925
v 1.7 0.607 6.925
v 1.7 0.61 7.225
v 1.7 0.607 7.225
v 1.7 0.61 6.925
v 1.7 0.61 7.225
v 1.95 0.61 6.925
v 1.95 0.61 7.225
v 1.7 0.607 7.225
v 1.95 0.607 7.225
v 1.7 0.607 6.925
v 1.95 0.607 6.925
v 1.7 0.832 7.475
v 1.7 0.835 7.475
v 1.95 0.832 7.475
v 1.95 0.835 7.475
v 1.95 0.832 7.475
v 1.95 0.835 7.475
v 1.95 0.832 7.775
v 1.95 0.835 7.775
v 1.95 0.832 7.775
v 1.95 0.835 7.775
v 1.7 0.832 7.775
v 1.7 0.835 7.775
v 1.7 0.832 7.775
v 1.7 0.835 7.775
v 1.7 0.832 7.475
v 1.7 0.835 7.475
v 1.7 0.832 7.775
v 1.7 0.832 7.475
v 1.95 0.832 7.775
v 1.95 0.832 7.475
v 1.7 0.835 7.475
v 1.95 0.835 7.475
v 1.7 0.835 7.775
v 1.95 0.835 7.775
v 1.7 0.832 7.25
v 1.7 0.835 7.25
v 1.95 0.832 7.25
v 1.95 0.835 7.25
v 1.95 0.832 7.25
v 1.95 0.835 7.25
v 1.95 0.832 7.45
v 1.95 0.835 7.45
v 1.95 0.832 7.45
v 1.95 0.835 7.45
v 1.7 0.832 7.45
v 1.7 0.835 7.45
v 1.7 0.832 7.45
v 1.7 0.835 7.45
v 1.7 0.832 7.25
v 1.7 0.835 7.25
v 1.7 0.832 7.45
v 1.7 0.832 7.25
v 1.95 0.832 7.45
v 1.95 0.832 7.25
v 1.7 0.835 7.25
v 1.95 0.835 7.25
v 1.7 0.835 7.45
v 1.95 0.835 7.45
v 1.7 0.832 6.925
v 1.7 0.835 6.925
v 1.95 0.832 6.925
v 1.95 0.835 6.925
v 1.95 0.832 6.925
v 1.95 0.835 6.925
v 1.95 0.832 7.225
v 1.95 0.835 7.225
v 1.95 0.832 7.225
v 1.95 0.835 7.225
v 1.7 0.832 7.225
v 1.7 0.835 7.225
v 1.7 0.832 7.225
v 1.7 0.835 7.225
v 1.7 0.832 6.925
v 1.7 0.835 6.925
v 1.7 0.832 7.225
v 1.7 0.832 6.925
v 1.95 0.832 7.225
v 1.95 0.832 6.925
v 1.7 0.835 6.925
v 1.95 0.835 6.925
v 1.7 0.835 7.225
v 1.95 0.835 7.225
f 2337 2340 2339
f 2339 2340 2337
f 2338 2340 2337
f 2337 2340 2338
f 2344 2341 2342
f 2342 2341 2344
f 2343 2341 2344
f 2344 2341 2343
f 2348 2345 2346
f 2346 2345 2348
f 2347 2345 2348
f 2348 2345 2347
f 2349 2352 2351
f 2351 2352 2349
f 2350 2352 2349
f 2349 2352 2350
f 2354 2355 2353
f 2353 2355 2354
f 2354 2356 2355
f 2355 2356 2354
f 2357 2359 2360
f 2360 2359 2357
f 2357 2360 2358
f 2358 2360 2357
f 2361 2364 2363
f 2363 2364 2361
f 2362 2364 2361
f 2361 2364 2362
f 2367 2365 2366
f 2366 2365 2367
f 2367 2366 2368
f 2368 2366 2367
f 2372 2369 2370
f 2370 2369 2372
f 2371 2369 2372
f 2372 2369 2371
f 2374 2375 2373
f 2373 2375 2374
f 2374 2376 2375
f 2375 2376 2374
f 2378 2379 2377
f 2377 2379 2378
f 2378 2380 2379
f 2379 2380 2378
f 2381 2383 2384
f 2384 2383 2381
f 2381 2384 2382
f 2382 2384 2381
f 2385 2388 2387
f 2387 2388 2385
f 2386 2388 2385
f 2385 2388 2386
f 2392 2389 2390
f 2390 2389 2392
f 2391 2389 2392
f 2392 2389 2391
f 2396 2393 2394
f 2394 2393 2396
f 2395 2393 2396
f 2396 2393 2395
f 2397 2400 2399
f 2399 2400 2397
f 2398 2400 2397
f 2397 2400 2398
f 2402 2403 2401
f 2401 2403 2402
f 2402 2404 2403
f 2403 2404 2402
f 2405 2407 2408
f 2408 2407 2405
f 2405 2408 2406
f 2406 2408 2405
f 2409 2412 2411
f 2411 2412 2409
f 2410 2412 2409
f 2409 2412 2410
f 2416 2413 2414
f 2414 2413 2416
f 2415 2413 2416
f 2416 2413 2415
f 2420 2417 2418
f 2418 2417 2420
f 2419 2417 2420
f 2420 2417 2419
f 2421 2424 2423
f 2423 2424 2421
f 2422 2424 2421
f 2421 2424 2422
f 2426 2427 2425
f 2425 2427 2426
f 2426 2428 2427
f 2427 2428 2426
f 2429 2431 2432
f 2432 2431 2429
f 2429 2432 2430
f 2430 2432 2429
f 2433 2436 2435
f 2435 2436 2433
f 2434 2436 2433
f 2433 2436 2434
f 2439 2437 2438
f 2438 2437 2439
f 2439 2438 2440
f 2440 2438 2439
f 2444 2441 2442
f 2442 2441 2444
f 2443 2441 2444
f 2444 2441 2443
f 2446 2447 2445
f 2445 2447 2446
f 2446 2448 2447
f 2447 2448 2446
f 2450 2451 2449
f 2449 2451 2450
f 2450 2452 2451
f 2451 2452 2450
f 2453 2455 2456
f 2456 2455 2453
f 2453 2456 2454
f 2454 2456 2453
f 2457 2460 2459
f 2459 2460 2457
f 2458 2460 2457
f 2457 2460 2458
f 2464 2461 2462
f 2462 2461 2464
f 2463 2461 2464
f 2464 2461 2463
f 2468 2465 2466
f 2466 2465 2468
f 2467 2465 2468
f 2468 2465 2467
f 2469 2472 2471
f 2471 2472 2469
f 2470 2472 2469
f 2469 2472 2470
f 2474 2475 2473
f 2473 2475 2474
f 2474 2476 2475
f 2475 2476 2474
f 2477 2479 2480
f 2480 2479 2477
f 2477 2480 2478
f 2478 2480 2477
f 2481 2484 2483
f 2483 2484 2481
f 2482 2484 2481
f 2481 2484 2482
f 2488 2485 2486
f 2486 2485 2488
f 2487 2485 2488
f 2488 2485 2487
f 2492 2489 2490
f 2490 2489 2492
f 2491 2489 2492
f 2492 2489 2491
f 2493 2496 2495
f 2495 2496 2493
f 2494 2496 2493
f 2493 2496 2494
f 2498 2499 2497
f 2497 2499 2498
f 2498 2500 2499
f 2499 2500 2498
f 2501 2503 2504
f 2504 2503 2501
f 2501 2504 2502
f 2502 2504 2501
f 2505 2508 2507
f 2507 2508 2505
f 2506 2508 2505
f 2505 2508 2506
f 2511 2509 2510
f 2510 2509 2511
f 2511 2510 2512
f 2512 2510 2511
f 2516 2513 2514
f 2514 2513 2516
f 2515 2513 2516
f 2516 2513 2515
f 2518 2519 2517
f 2517 2519 2518
f 2518 2520 2519
f 2519 2520 2518
f 2522 2523 2521
f 2521 2523 2522
f 2522 2524 2523
f 2523 2524 2522
f 2525 2527 2528
f 2528 2527 2525
f 2525 2528 2526
f 2526 2528 2525
f 2529 2532 2531
f 2531 2532 2529
f 2530 2532 2529
f 2529 2532 2530
f 2536 2533 2534
f 2534 2533 2536
f 2535 2533 2536
f 2536 2533 2535
f 2540 2537 2538
f 2538 2537 2540
f 2539 2537 2540
f 2540 2537 2539
f 2541 2544 2543
f 2543 2544 2541
f 2542 2544 2541
f 2541 2544 2542
f 2546 2547 2545
f 2545 2547 2546
f 2546 2548 2547
f 2547 2548 2546
f 2549 2551 2552
f 2552 2551 2549
f 2549 2552 2550
f 2550 2552 2549
g panel_2553
usemtl panel
v 1.56525 0.071 5.6215
v 1.57025 0.071 5.6215
v 1.56525 0.071 6.3815
v 1.57025 0.071 6.3815
v 1.56525 0.071 6.3815
v 1.57025 0.071 6.3815
v 1.56525 0.831 6.3815
v 1.57025 0.831 6.3815
v 1.56525 0.831 6.3815
v 1.57025 0.831 6.3815
v 1.56525 0.831 5.6215
v 1.57025 0.831 5.6215
v 1.56525 0.831 5.6215
v 1.57025 0.831 5.6215
v 1.56525 0.071 5.6215
v 1.57025 0.071 5.6215
v 1.56525 0.831 5.6215
v 1.56525 0.071 5.6215
v 1.56525 0.831 6.3815
v 1.56525 0.071 6.3815
v 1.57025 0.071 5.6215
v 1.57025 0.071 6.3815
v 1.57025 0.831 5.6215
v 1.57025 0.831 6.3815
v 1.56525 0.071 6.4215
v 1.57025 0.071 6.4215
v 1.56525 0.071 7.1815
v 1.57025 0.071 7.1815
v 1.56525 0.071 7.1815
v 1.57025 0.071 7.1815
v 1.56525 0.831 7.1815
v 1.57025 0.831 7.1815
v 1.56525 0.831 7.1815
v 1.57025 0.831 7.1815
v 1.56525 0.831 6.4215
v 1.57025 0.831 6.4215
v 1.56525 0.831 6.4215
v 1.57025 0.831 6.4215
v 1.56525 0.071 6.4215
v 1.57025 0.071 6.4215
v 1.56525 0.831 6.4215
v 1.56525 0.071 6.4215
v 1.56525 0.831 7.1815
v 1.56525 0.071 7.1815
v 1.57025 0.071 6.4215
v 1.57025 0.071 7.1815
v 1.57025 0.831 6.4215
v 1.57025 0.831 7.1815
v 1.56525 0.071 7.2215
v 1.57025 0.071 7.2215
v 1.56525 0.071 7.9815
v 1.57025 0.071 7.9815
v 1.56525 0.071 7.9815
v 1.57025 0.071 7.9815
v 1.56525 0.831 7.9815
v 1.57025 0.831 7.9815
v 1.56525 0.831 7.9815
v 1.57025 0.831 7.9815
v 1.56525 0.831 7.2215
v 1.57025 0.831 7.2215
v 1.56525 0.831 7.2215
v 1.57025 0.831 7.2215
v 1.56525 0.071 7.2215
v 1.57025 0.071 7.2215
v 1.56525 0.831 7.2215
v 1.56525 0.071 7.2215
v 1.56525 0.831 7.9815
v 1.56525 0.071 7.9815
v 1.57025 0.071 7.2215
v 1.57025 0.071 7.9815
v 1.57025 0.831 7.2215
v 1.57025 0.831 7.9815
f 2553 2556 2555
f 2555 2556 2553
f 2554 2556 2553
f 2553 2556 2554
f 2560 2557 2558
f 2558 2557 2560
f 2559 2557 2560
f 2560 2557 2559
f 2564 2561 2562
f 2562 2561 2564
f 2563 2561 2564
f 2564 2561 2563
f 2565 2568 2567
f 2567 2568 2565
f 2566 2568 2565
f 2565 2568 2566
f 2570 2571 2569
f 2569 2571 2570
f 2570 2572 2571
f 2571 2572 2570
f 2573 2575 2576
f 2576 2575 2573
f 2573 2576 2574
f 2574 2576 2573
f 2577 2580 2579
f 2579 2580 2577
f 2578 2580 2577
f 2577 2580 2578
f 2584 2581 2582
f 2582 2581 2584
f 2583 2581 2584
f 2584 2581 2583
f 2588 2585 2586
f 2586 2585 2588
f 2587 2585 2588
f 2588 2585 2587
f 2589 2592 2591
f 2591 2592 2589
f 2590 2592 2589
f 2589 2592 2590
f 2594 2595 2593
f 2593 2595 2594
f 2594 2596 2595
f 2595 2596 2594
f 2597 2599 2600
f 2600 2599 2597
f 2597 2600 2598
f 2598 2600 2597
f 2601 2604 2603
f 2603 2604 2601
f 2602 2604 2601
f 2601 2604 2602
f 2608 2605 2606
f 2606 2605 2608
f 2607 2605 2608
f 2608 2605 2607
f 2612 2609 2610
f 2610 2609 2612
f 2611 2609 2612
f 2612 2609 2611
f 2613 2616 2615
f 2615 2616 2613
f 2614 2616 2613
f 2613 2616 2614
f 2618 2619 2617
f 2617 2619 2618
f 2618 2620 2619
f 2619 2620 2618
f 2621 2623 2624
f 2624 2623 2621
f 2621 2624 2622
f 2622 2624 2621
g alu_2625
usemtl alu
v 6.4375 0.025 3.27975
v 6.72025 0.025 3.5625
v 6.4375 0.05 3.27975
v 6.72025 0.05 3.5625
v 6.41975 0.025 3.29725
v 6.70275 0.025 3.58025
v 6.41975 0.05 3.29725
v 6.70275 0.05 3.58025
v 6.795 0.025 3.48775
v 6.51225 0.025 3.205
v 6.795 0.05 3.48775
v 6.51225 0.05 3.205
v 6.81275 0.025 3.47025
v 6.52975 0.025 3.18725
v 6.81275 0.05 3.47025
v 6.52975 0.05 3.18725
v 6.1255 0.025 3.55625
v 6.68775 0.025 2.99425
v 6.1255 0.05 3.55625
v 6.68775 0.05 2.99425
v 6.14325 0.025 3.574
v 6.70525 0.025 3.01175
v 6.14325 0.05 3.574
v 6.70525 0.05 3.01175
v 7.00575 0.025 3.31225
v 6.44375 0.025 3.8745
v 7.00575 0.05 3.31225
v 6.44375 0.05 3.8745
v 6.98825 0.025 3.29475
v 6.426 0.025 3.85675
v 6.98825 0.05 3.29475
v 6.426 0.05 3.85675
v 6.707 0.025 3.01
v 6.99 0.025 3.293
v 6.707 0.05 3.01
v 6.99 0.05 3.293
v 6.6895 0.025 3.02775
v 6.97225 0.025 3.3105
v 6.6895 0.05 3.02775
v 6.97225 0.05 3.3105
v 6.159 0.025 3.558
v 6.442 0.025 3.841
v 6.159 0.05 3.558
v 6.442 0.05 3.841
v 6.1415 0.025 3.57575
v 6.42425 0.025 3.8585
v 6.1415 0.05 3.57575
v 6.42425 0.05 3.8585
v 6.7 0.435 3.003
v 6.997 0.435 3.3
v 6.7 0.46 3.003
v 6.997 0.46 3.3
v 6.68225 0.435 3.02075
v 6.97925 0.435 3.31775
v 6.68225 0.46 3.02075
v 6.97925 0.46 3.31775
v 6.5905 0.435 3.1125
v 6.8875 0.435 3.4095
v 6.5905 0.46 3.1125
v 6.8875 0.46 3.4095
v 6.57275 0.435 3.13025
v 6.86975 0.435 3.42725
v 6.57275 0.46 3.13025
v 6.86975 0.46 3.42725
v 6.608 0.435 3.13025
v 6.608 0.05 3.13025
v 6.5905 0.435 3.148
v 6.5905 0.05 3.148
v 6.5905 0.435 3.1125
v 6.5905 0.05 3.1125
v 6.57275 0.435 3.13025
v 6.57275 0.05 3.13025
v 6.71775 0.435 3.02075
v 6.71775 0.05 3.02075
v 6.7 0.435 3.03825
v 6.7 0.05 3.03825
v 6.7 0.435 3.003
v 6.7 0.05 3.003
v 6.68225 0.435 3.02075
v 6.68225 0.05 3.02075
v 6.86975 0.05 3.42725
v 6.86975 0.435 3.42725
v 6.8875 0.05 3.4095
v 6.8875 0.435 3.4095
v 6.852 0.05 3.4095
v 6.852 0.435 3.4095
v 6.86975 0.05 3.392
v 6.86975 0.435 3.392
v 6.997 0.435 3.3
v 6.997 0.05 3.3
v 6.97925 0.435 3.31775
v 6.97925 0.05 3.31775
v 6.97925 0.435 3.28225
v 6.97925 0.05 3.28225
v 6.96175 0.435 3.3
v 6.96175 0.05 3.3
v 6.608 0.17 3.13025
v 6.86975 0.17 3.392
v 6.608 0.195 3.13025
v 6.86975 0.195 3.392
v 6.5905 0.17 3.148
v 6.852 0.17 3.4095
v 6.5905 0.195 3.148
v 6.852 0.195 3.4095
v 6.71775 0.17 3.02075
v 6.97925 0.17 3.28225
v 6.71775 0.195 3.02075
v 6.97925 0.195 3.28225
v 6.7 0.17 3.03825
v 6.96175 0.17 3.3
v 6.7 0.195 3.03825
v 6.96175 0.195 3.3
v 6.7 0.435 3.03825
v 6.608 0.435 3.13025
v 6.7 0.46 3.03825
v 6.608 0.46 3.13025
v 6.68225 0.435 3.02075
v 6.5905 0.435 3.1125
v 6.68225 0.46 3.02075
v 6.5905 0.46 3.1125
v 6.86975 0.435 3.392
v 6.96175 0.435 3.3
v 6.86975 0.46 3.392
v 6.96175 0.46 3.3
v 6.8875 0.435 3.4095
v 6.97925 0.435 3.31775
v 6.8875 0.46 3.4095
v 6.97925 0.46 3.31775
v 6.80975 0.435 3.148
v 6.71775 0.435 3.23975
v 6.80975 0.46 3.148
v 6.71775 0.46 3.23975
v 6.792 0.435 3.13025
v 6.7 0.435 3.22225
v 6.792 0.46 3.13025
v 6.7 0.46 3.22225
v 6.86975 0.435 3.208
v 6.77775 0.435 3.3
v 6.86975 0.46 3.208
v 6.77775 0.46 3.3
v 6.852 0.435 3.19025
v 6.76025 0.435 3.28225
v 6.852 0.46 3.19025
v 6.76025 0.46 3.28225
v 6.7 0.17 3.03825
v 6.608 0.17 3.13025
v 6.7 0.195 3.03825
v 6.608 0.195 3.13025
v 6.68225 0.17 3.02075
v 6.5905 0.17 3.1125
v 6.68225 0.195 3.02075
v 6.5905 0.195 3.1125
v 6.86975 0.17 3.392
v 6.96175 0.17 3.3
v 6.86975 0.195 3.392
v 6.96175 0.195 3.3
v 6.8875 0.17 3.4095
v 6.97925 0.17 3.31775
v 6.8875 0.195 3.4095
v 6.97925 0.195 3.31775
v 6.137 0.025 4.14575
v 5.85425 0.025 3.863
v 6.137 0.05 4.14575
v 5.85425 0.05 3.863
v 6.15475 0.025 4.12825
v 5.87175 0.025 3.84525
v 6.15475 0.05 4.12825
v 5.87175 0.05 3.84525
v 5.96425 0.025 3.753
v 6.247 0.025 4.03575
v 5.96425 0.05 3.753
v 6.247 0.05 4.03575
v 5.9465 0.025 3.77075
v 6.22925 0.025 4.0535
v 5.9465 0.05 3.77075
v 6.22925 0.05 4.0535
v 6.13975 0.025 3.5775
v 5.5775 0.025 4.13975
v 6.13975 0.05 3.5775
v 5.5775 0.05 4.13975
v 6.122 0.025 3.55975
v 5.55975 0.025 4.122
v 6.122 0.05 3.55975
v 5.55975 0.05 4.122
v 5.86025 0.025 4.4225
v 6.4225 0.025 3.86025
v 5.86025 0.05 4.4225
v 6.4225 0.05 3.86025
v 5.878 0.025 4.44025
v 6.44025 0.025 3.878
v 5.878 0.05 4.44025
v 6.44025 0.05 3.878
v 6.1415 0.025 3.57575
v 6.42425 0.025 3.8585
v 6.1415 0.05 3.57575
v 6.42425 0.05 3.8585
v 6.12375 0.025 3.5935
v 6.4065 0.025 3.87625
v 6.12375 0.05 3.5935
v 6.4065 0.05 3.87625
v 5.5935 0.025 4.12375
v 5.87625 0.025 4.4065
v 5.5935 0.05 4.12375
v 5.87625 0.05 4.4065
v 5.57575 0.025 4.1415
v 5.8585 0.025 4.42425
v 5.57575 0.05 4.1415
v 5.8585 0.05 4.42425
v 5.306 0.025 4.411
v 5.589 0.025 4.694
v 5.306 0.05 4.411
v 5.589 0.05 4.694
v 5.2885 0.025 4.42875
v 5.57125 0.025 4.7115
v 5.2885 0.05 4.42875
v 5.57125 0.05 4.7115
v 5.3985 0.025 4.31875
v 5.68125 0.025 4.6015
v 5.3985 0.05 4.31875
v 5.68125 0.05 4.6015
v 5.38075 0.025 4.33625
v 5.66375 0.025 4.61925
v 5.38075 0.05 4.33625
v 5.66375 0.05 4.61925
v 5.574 0.025 4.14325
v 5.01175 0.025 4.70525
v 5.574 0.05 4.14325
v 5.01175 0.05 4.70525
v 5.55625 0.025 4.1255
v 4.99425 0.025 4.68775
v 5.55625 0.05 4.1255
v 4.99425 0.05 4.68775
v 5.8745 0.025 4.44375
v 5.31225 0.025 5.00575
v 5.8745 0.05 4.44375
v 5.31225 0.05 5.00575
v 5.85675 0.025 4.426
v 5.29475 0.025 4.98825
v 5.85675 0.05 4.426
v 5.29475 0.05 4.98825
v 5.57575 0.025 4.1415
v 5.8585 0.025 4.42425
v 5.57575 0.05 4.1415
v 5.8585 0.05 4.42425
v 5.558 0.025 4.159
v 5.841 0.025 4.442
v 5.558 0.05 4.159
v 5.841 0.05 4.442
v 5.293 0.025 4.99
v 5.01 0.025 4.707
v 5.293 0.05 4.99
v 5.01 0.05 4.707
v 5.3105 0.025 4.97225
v 5.02775 0.025 4.6895
v 5.3105 0.05 4.97225
v 5.02775 0.05 4.6895
v 5.3 0.435 4.997
v 5.003 0.435 4.7
v 5.3 0.46 4.997
v 5.003 0.46 4.7
v 5.31775 0.435 4.97925
v 5.02075 0.435 4.68225
v 5.31775 0.46 4.97925
v 5.02075 0.46 4.68225
v 5.13025 0.435 4.57275
v 5.42725 0.435 4.86975
v 5.13025 0.46 4.57275
v 5.42725 0.46 4.86975
v 5.1125 0.435 4.5905
v 5.4095 0.435 4.8875
v 5.1125 0.46 4.5905
v 5.4095 0.46 4.8875
v 5.42725 0.435 4.86975
v 5.42725 0.05 4.86975
v 5.4095 0.435 4.8875
v 5.4095 0.05 4.8875
v 5.4095 0.435 4.852
v 5.4095 0.05 4.852
v 5.392 0.435 4.86975
v 5.392 0.05 4.86975
v 5.31775 0.435 4.97925
v 5.31775 0.05 4.97925
v 5.3 0.435 4.997
v 5.3 0.05 4.997
v 5.3 0.435 4.96175
v 5.3 0.05 4.96175
v 5.28225 0.435 4.97925
v 5.28225 0.05 4.97925
v 5.1125 0.05 4.5905
v 5.1125 0.435 4.5905
v 5.13025 0.05 4.608
v 5.13025 0.435 4.608
v 5.13025 0.05 4.57275
v 5.13025 0.435 4.57275
v 5.148 0.05 4.5905
v 5.148 0.435 4.5905
v 5.02075 0.05 4.71775
v 5.02075 0.435 4.71775
v 5.03825 0.05 4.7
v 5.03825 0.435 4.7
v 5.003 0.05 4.7
v 5.003 0.435 4.7
v 5.02075 0.05 4.68225
v 5.02075 0.435 4.68225
v 5.392 0.17 4.86975
v 5.13025 0.17 4.608
v 5.392 0.195 4.86975
v 5.13025 0.195 4.608
v 5.4095 0.17 4.852
v 5.148 0.17 4.5905
v 5.4095 0.195 4.852
v 5.148 0.195 4.5905
v 5.03825 0.17 4.7
v 5.3 0.17 4.96175
v 5.03825 0.195 4.7
v 5.3 0.195 4.96175
v 5.02075 0.17 4.71775
v 5.28225 0.17 4.97925
v 5.02075 0.195 4.71775
v 5.28225 0.195 4.97925
v 5.3 0.435 4.96175
v 5.392 0.435 4.86975
v 5.3 0.46 4.96175
v 5.392 0.46 4.86975
v 5.31775 0.435 4.97925
v 5.4095 0.435 4.8875
v 5.31775 0.46 4.97925
v 5.4095 0.46 4.8875
v 5.13025 0.435 4.608
v 5.03825 0.435 4.7
v 5.13025 0.46 4.608
v 5.03825 0.46 4.7
v 5.1125 0.435 4.5905
v 5.02075 0.435 4.68225
v 5.1125 0.46 4.5905
v 5.02075 0.46 4.68225
v 5.208 0.46 4.86975
v 5.3 0.46 4.77775
v 5.208 0.435 4.86975
v 5.3 0.435 4.77775
v 5.19025 0.46 4.852
v 5.28225 0.46 4.76025
v 5.19025 0.435 4.852
v 5.28225 0.435 4.76025
v 5.23975 0.435 4.71775
v 5.148 0.435 4.80975
v 5.23975 0.46 4.71775
v 5.148 0.46 4.80975
v 5.22225 0.435 4.7
v 5.13025 0.435 4.792
v 5.22225 0.46 4.7
v 5.13025 0.46 4.792
v 5.3 0.17 4.96175
v 5.392 0.17 4.86975
v 5.3 0.195 4.96175
v 5.392 0.195 4.86975
v 5.31775 0.17 4.97925
v 5.4095 0.17 4.8875
v 5.31775 0.195 4.97925
v 5.4095 0.195 4.8875
v 5.03825 0.195 4.7
v 5.13025 0.195 4.608
v 5.03825 0.17 4.7
v 5.13025 0.17 4.608
v 5.02075 0.195 4.68225
v 5.1125 0.195 4.5905
v 5.02075 0.17 4.68225
v 5.1125 0.17 4.5905
f 2625 2627 2626
f 2626 2627 2625
f 2626 2627 2628
f 2628 2627 2626
f 2629 2630 2631
f 2631 2630 2629
f 2630 2632 2631
f 2631 2632 2630
f 2625 2626 2629
f 2629 2626 2625
f 2626 2630 2629
f 2629 2630 2626
f 2627 2631 2628
f 2628 2631 2627
f 2628 2631 2632
f 2632 2631 2628
f 2625 2629 2627
f 2627 2629 2625
f 2627 2629 2631
f 2631 2629 2627
f 2626 2628 2630
f 2630 2628 2626
f 2628 2632 2630
f 2630 2632 2628
f 2633 2635 2634
f 2634 2635 2633
f 2634 2635 2636
f 2636 2635 2634
f 2637 2638 2639
f 2639 2638 2637
f 2638 2640 2639
f 2639 2640 2638
f 2633 2634 2637
f 2637 2634 2633
f 2634 2638 2637
f 2637 2638 2634
f 2635 2639 2636
f 2636 2639 2635
f 2636 2639 2640
f 2640 2639 2636
f 2633 2637 2635
f 2635 2637 2633
f 2635 2637 2639
f 2639 2637 2635
f 2634 2636 2638
f 2638 2636 2634
f 2636 2640 2638
f 2638 2640 2636
f 2641 2643 2642
f 2642 2643 2641
f 2642 2643 2644
f 2644 2643 2642
f 2645 2646 2647
f 2647 2646 2645
f 2646 2648 2647
f 2647 2648 2646
f 2641 2642 2645
f 2645 2642 2641
f 2642 2646 2645
f 2645 2646 2642
f 2643 2647 2644
f 2644 2647 2643
f 2644 2647 2648
f 2648 2647 2644
f 2641 2645 2643
f 2643 2645 2641
f 2643 2645 2647
f 2647 2645 2643
f 2642 2644 2646
f 2646 2644 2642
f 2644 2648 2646
f 2646 2648 2644
f 2649 2651 2650
f 2650 2651 2649
f 2650 2651 2652
f 2652 2651 2650
f 2653 2654 2655
f 2655 2654 2653
f 2654 2656 2655
f 2655 2656 2654
f 2649 2650 2653
f 2653 2650 2649
f 2650 2654 2653
f 2653 2654 2650
f 2651 2655 2652
f 2652 2655 2651
f 2652 2655 2656
f 2656 2655 2652
f 2649 2653 2651
f 2651 2653 2649
f 2651 2653 2655
f 2655 2653 2651
f 2650 2652 2654
f 2654 2652 2650
f 2652 2656 2654
f 2654 2656 2652
f 2657 2659 2658
f 2658 2659 2657
f 2658 2659 2660
f 2660 2659 2658
f 2661 2662 2663
f 2663 2662 2661
f 2662 2664 2663
f 2663 2664 2662
f 2657 2658 2661
f 2661 2658 2657
f 2658 2662 2661
f 2661 2662 2658
f 2659 2663 2660
f 2660 2663 2659
f 2660 2663 2664
f 2664 2663 2660
f 2657 2661 2659
f 2659 2661 2657
f 2659 2661 2663
f 2663 2661 2659
f 2658 2660 2662
f 2662 2660 2658
f 2660 2664 2662
f 2662 2664 2660
f 2665 2667 2666
f 2666 2667 2665
f 2666 2667 2668
f 2668 2667 2666
f 2669 2670 2671
f 2671 2670 2669
f 2670 2672 2671
f 2671 2672 2670
f 2665 2666 2669
f 2669 2666 2665
f 2666 2670 2669
f 2669 2670 2666
f 2667 2671 2668
f 2668 2671 2667
f 2668 2671 2672
f 2672 2671 2668
f 2665 2669 2667
f 2667 2669 2665
f 2667 2669 2671
f 2671 2669 2667
f 2666 2668 2670
f 2670 2668 2666
f 2668 2672 2670
f 2670 2672 2668
f 2673 2675 2674
f 2674 2675 2673
f 2674 2675 2676
f 2676 2675 2674
f 2677 2678 2679
f 2679 2678 2677
f 2678 2680 2679
f 2679 2680 2678
f 2673 2674 2677
f 2677 2674 2673
f 2674 2678 2677
f 2677 2678 2674
f 2675 2679 2676
f 2676 2679 2675
f 2676 2679 2680
f 2680 2679 2676
f 2673 2677 2675
f 2675 2677 2673
f 2675 2677 2679
f 2679 2677 2675
f 2674 2676 2678
f 2678 2676 2674
f 2676 2680 2678
f 2678 2680 2676
f 2681 2683 2682
f 2682 2683 2681
f 2682 2683 2684
f 2684 2683 2682
f 2685 2686 2687
f 2687 2686 2685
f 2686 2688 2687
f 2687 2688 2686
f 2681 2682 2685
f 2685 2682 2681
f 2682 2686 2685
f 2685 2686 2682
f 2683 2687 2684
f 2684 2687 2683
f 2684 2687 2688
f 2688 2687 2684
f 2681 2685 2683
f 2683 2685 2681
f 2683 2685 2687
f 2687 2685 2683
f 2682 2684 2686
f 2686 2684 2682
f 2684 2688 2686
f 2686 2688 2684
f 2689 2691 2690
f 2690 2691 2689
f 2690 2691 2692
f 2692 2691 2690
f 2693 2694 2695
f 2695 2694 2693
f 2694 2696 2695
f 2695 2696 2694
f 2689 2690 2693
f 2693 2690 2689
f 2690 2694 2693
f 2693 2694 2690
f 2691 2695 2692
f 2692 2695 2691
f 2692 2695 2696
f 2696 2695 2692
f 2689 2693 2691
f 2691 2693 2689
f 2691 2693 2695
f 2695 2693 2691
f 2690 2692 2694
f 2694 2692 2690
f 2692 2696 2694
f 2694 2696 2692
f 2697 2699 2698
f 2698 2699 2697
f 2698 2699 2700
f 2700 2699 2698
f 2701 2702 2703
f 2703 2702 2701
f 2702 2704 2703
f 2703 2704 2702
f 2697 2698 2701
f 2701 2698 2697
f 2698 2702 2701
f 2701 2702 2698
f 2699 2703 2700
f 2700 2703 2699
f 2700 2703 2704
f 2704 2703 2700
f 2697 2701 2699
f 2699 2701 2697
f 2699 2701 2703
f 2703 2701 2699
f 2698 2700 2702
f 2702 2700 2698
f 2700 2704 2702
f 2702 2704 2700
f 2705 2707 2706
f 2706 2707 2705
f 2706 2707 2708
f 2708 2707 2706
f 2709 2710 2711
f 2711 2710 2709
f 2710 2712 2711
f 2711 2712 2710
f 2705 2706 2709
f 2709 2706 2705
f 2706 2710 2709
f 2709 2710 2706
f 2707 2711 2708
f 2708 2711 2707
f 2708 2711 2712
f 2712 2711 2708
f 2705 2709 2707
f 2707 2709 2705
f 2707 2709 2711
f 2711 2709 2707
f 2706 2708 2710
f 2710 2708 2706
f 2708 2712 2710
f 2710 2712 2708
f 2713 2715 2714
f 2714 2715 2713
f 2714 2715 2716
f 2716 2715 2714
f 2717 2718 2719
f 2719 2718 2717
f 2718 2720 2719
f 2719 2720 2718
f 2713 2714 2717
f 2717 2714 2713
f 2714 2718 2717
f 2717 2718 2714
f 2715 2719 2716
f 2716 2719 2715
f 2716 2719 2720
f 2720 2719 2716
f 2713 2717 2715
f 2715 2717 2713
f 2715 2717 2719
f 2719 2717 2715
f 2714 2716 2718
f 2718 2716 2714
f 2716 2720 2718
f 2718 2720 2716
f 2721 2723 2722
f 2722 2723 2721
f 2722 2723 2724
f 2724 2723 2722
f 2725 2726 2727
f 2727 2726 2725
f 2726 2728 2727
f 2727 2728 2726
f 2721 2722 2725
f 2725 2722 2721
f 2722 2726 2725
f 2725 2726 2722
f 2723 2727 2724
f 2724 2727 2723
f 2724 2727 2728
f 2728 2727 2724
f 2721 2725 2723
f 2723 2725 2721
f 2723 2725 2727
f 2727 2725 2723
f 2722 2724 2726
f 2726 2724 2722
f 2724 2728 2726
f 2726 2728 2724
f 2729 2731 2730
f 2730 2731 2729
f 2730 2731 2732
f 2732 2731 2730
f 2733 2734 2735
f 2735 2734 2733
f 2734 2736 2735
f 2735 2736 2734
f 2729 2730 2733
f 2733 2730 2729
f 2730 2734 2733
f 2733 2734 2730
f 2731 2735 2732
f 2732 2735 2731
f 2732 2735 2736
f 2736 2735 2732
f 2729 2733 2731
f 2731 2733 2729
f 2731 2733 2735
f 2735 2733 2731
f 2730 2732 2734
f 2734 2732 2730
f 2732 2736 2734
f 2734 2736 2732
f 2737 2739 2738
f 2738 2739 2737
f 2738 2739 2740
f 2740 2739 2738
f 2741 2742 2743
f 2743 2742 2741
f 2742 2744 2743
f 2743 2744 2742
f 2737 2738 2741
f 2741 2738 2737
f 2738 2742 2741
f 2741 2742 2738
f 2739 2743 2740
f 2740 2743 2739
f 2740 2743 2744
f 2744 2743 2740
f 2737 2741 2739
f 2739 2741 2737
f 2739 2741 2743
f 2743 2741 2739
f 2738 2740 2742
f 2742 2740 2738
f 2740 2744 2742
f 2742 2744 2740
f 2745 2747 2746
f 2746 2747 2745
f 2746 2747 2748
f 2748 2747 2746
f 2749 2750 2751
f 2751 2750 2749
f 2750 2752 2751
f 2751 2752 2750
f 2745 2746 2749
f 2749 2746 2745
f 2746 2750 2749
f 2749 2750 2746
f 2747 2751 2748
f 2748 2751 2747
f 2748 2751 2752
f 2752 2751 2748
f 2745 2749 2747
f 2747 2749 2745
f 2747 2749 2751
f 2751 2749 2747
f 2746 2748 2750
f 2750 2748 2746
f 2748 2752 2750
f 2750 2752 2748
f 2753 2755 2754
f 2754 2755 2753
f 2754 2755 2756
f 2756 2755 2754
f 2757 2758 2759
f 2759 2758 2757
f 2758 2760 2759
f 2759 2760 2758
f 2753 2754 2757
f 2757 2754 2753
f 2754 2758 2757
f 2757 2758 2754
f 2755 2759 2756
f 2756 2759 2755
f 2756 2759 2760
f 2760 2759 2756
f 2753 2757 2755
f 2755 2757 2753
f 2755 2757 2759
f 2759 2757 2755
f 2754 2756 2758
f 2758 2756 2754
f 2756 2760 2758
f 2758 2760 2756
f 2761 2763 2762
f 2762 2763 2761
f 2762 2763 2764
f 2764 2763 2762
f 2765 2766 2767
f 2767 2766 2765
f 2766 2768 2767
f 2767 2768 2766
f 2761 2762 2765
f 2765 2762 2761
f 2762 2766 2765
f 2765 2766 2762
f 2763 2767 2764
f 2764 2767 2763
f 2764 2767 2768
f 2768 2767 2764
f 2761 2765 2763
f 2763 2765 2761
f 2763 2765 2767
f 2767 2765 2763
f 2762 2764 2766
f 2766 2764 2762
f 2764 2768 2766
f 2766 2768 2764
f 2769 2771 2770
f 2770 2771 2769
f 2770 2771 2772
f 2772 2771 2770
f 2773 2774 2775
f 2775 2774 2773
f 2774 2776 2775
f 2775 2776 2774
f 2769 2770 2773
f 2773 2770 2769
f 2770 2774 2773
f 2773 2774 2770
f 2771 2775 2772
f 2772 2775 2771
f 2772 2775 2776
f 2776 2775 2772
f 2769 2773 2771
f 2771 2773 2769
f 2771 2773 2775
f 2775 2773 2771
f 2770 2772 2774
f 2774 2772 2770
f 2772 2776 2774
f 2774 2776 2772
f 2777 2779 2778
f 2778 2779 2777
f 2778 2779 2780
f 2780 2779 2778
f 2781 2782 2783
f 2783 2782 2781
f 2782 2784 2783
f 2783 2784 2782
f 2777 2778 2781
f 2781 2778 2777
f 2778 2782 2781
f 2781 2782 2778
f 2779 2783 2780
f 2780 2783 2779
f 2780 2783 2784
f 2784 2783 2780
f 2777 2781 2779
f 2779 2781 2777
f 2779 2781 2783
f 2783 2781 2779
f 2778 2780 2782
f 2782 2780 2778
f 2780 2784 2782
f 2782 2784 2780
f 2785 2787 2786
f 2786 2787 2785
f 2786 2787 2788
f 2788 2787 2786
f 2789 2790 2791
f 2791 2790 2789
f 2790 2792 2791
f 2791 2792 2790
f 2785 2786 2789
f 2789 2786 2785
f 2786 2790 2789
f 2789 2790 2786
f 2787 2791 2788
f 2788 2791 2787
f 2788 2791 2792
f 2792 2791 2788
f 2785 2789 2787
f 2787 2789 2785
f 2787 2789 2791
f 2791 2789 2787
f 2786 2788 2790
f 2790 2788 2786
f 2788 2792 2790
f 2790 2792 2788
f 2793 2795 2794
f 2794 2795 2793
f 2794 2795 2796
f 2796 2795 2794
f 2797 2798 2799
f 2799 2798 2797
f 2798 2800 2799
f 2799 2800 2798
f 2793 2794 2797
f 2797 2794 2793
f 2794 2798 2797
f 2797 2798 2794
f 2795 2799 2796
f 2796 2799 2795
f 2796 2799 2800
f 2800 2799 2796
f 2793 2797 2795
f 2795 2797 2793
f 2795 2797 2799
f 2799 2797 2795
f 2794 2796 2798
f 2798 2796 2794
f 2796 2800 2798
f 2798 2800 2796
f 2801 2803 2802
f 2802 2803 2801
f 2802 2803 2804
f 2804 2803 2802
f 2805 2806 2807
f 2807 2806 2805
f 2806 2808 2807
f 2807 2808 2806
f 2801 2802 2805
f 2805 2802 2801
f 2802 2806 2805
f 2805 2806 2802
f 2803 2807 2804
f 2804 2807 2803
f 2804 2807 2808
f 2808 2807 2804
f 2801 2805 2803
f 2803 2805 2801
f 2803 2805 2807
f 2807 2805 2803
f 2802 2804 2806
f 2806 2804 2802
f 2804 2808 2806
f 2806 2808 2804
f 2809 2811 2810
f 2810 2811 2809
f 2810 2811 2812
f 2812 2811 2810
f 2813 2814 2815
f 2815 2814 2813
f 2814 2816 2815
f 2815 2816 2814
f 2809 2810 2813
f 2813 2810 2809
f 2810 2814 2813
f 2813 2814 2810
f 2811 2815 2812
f 2812 2815 2811
f 2812 2815 2816
f 2816 2815 2812
f 2809 2813 2811
f 2811 2813 2809
f 2811 2813 2815
f 2815 2813 2811
f 2810 2812 2814
f 2814 2812 2810
f 2812 2816 2814
f 2814 2816 2812
f 2817 2819 2818
f 2818 2819 2817
f 2818 2819 2820
f 2820 2819 2818
f 2821 2822 2823
f 2823 2822 2821
f 2822 2824 2823
f 2823 2824 2822
f 2817 2818 2821
f 2821 2818 2817
f 2818 2822 2821
f 2821 2822 2818
f 2819 2823 2820
f 2820 2823 2819
f 2820 2823 2824
f 2824 2823 2820
f 2817 2821 2819
f 2819 2821 2817
f 2819 2821 2823
f 2823 2821 2819
f 2818 2820 2822
f 2822 2820 2818
f 2820 2824 2822
f 2822 2824 2820
f 2825 2827 2826
f 2826 2827 2825
f 2826 2827 2828
f 2828 2827 2826
f 2829 2830 2831
f 2831 2830 2829
f 2830 2832 2831
f 2831 2832 2830
f 2825 2826 2829
f 2829 2826 2825
f 2826 2830 2829
f 2829 2830 2826
f 2827 2831 2828
f 2828 2831 2827
f 2828 2831 2832
f 2832 2831 2828
f 2825 2829 2827
f 2827 2829 2825
f 2827 2829 2831
f 2831 2829 2827
f 2826 2828 2830
f 2830 2828 2826
f 2828 2832 2830
f 2830 2832 2828
f 2833 2835 2834
f 2834 2835 2833
f 2834 2835 2836
f 2836 2835 2834
f 2837 2838 2839
f 2839 2838 2837
f 2838 2840 2839
f 2839 2840 2838
f 2833 2834 2837
f 2837 2834 2833
f 2834 2838 2837
f 2837 2838 2834
f 2835 2839 2836
f 2836 2839 2835
f 2836 2839 2840
f 2840 2839 2836
f 2833 2837 2835
f 2835 2837 2833
f 2835 2837 2839
f 2839 2837 2835
f 2834 2836 2838
f 2838 2836 2834
f 2836 2840 2838
f 2838 2840 2836
f 2841 2843 2842
f 2842 2843 2841
f 2842 2843 2844
f 2844 2843 2842
f 2845 2846 2847
f 2847 2846 2845
f 2846 2848 2847
f 2847 2848 2846
f 2841 2842 2845
f 2845 2842 2841
f 2842 2846 2845
f 2845 2846 2842
f 2843 2847 2844
f 2844 2847 2843
f 2844 2847 2848
f 2848 2847 2844
f 2841 2845 2843
f 2843 2845 2841
f 2843 2845 2847
f 2847 2845 2843
f 2842 2844 2846
f 2846 2844 2842
f 2844 2848 2846
f 2846 2848 2844
f 2849 2851 2850
f 2850 2851 2849
f 2850 2851 2852
f 2852 2851 2850
f 2853 2854 2855
f 2855 2854 2853
f 2854 2856 2855
f 2855 2856 2854
f 2849 2850 2853
f 2853 2850 2849
f 2850 2854 2853
f 2853 2854 2850
f 2851 2855 2852
f 2852 2855 2851
f 2852 2855 2856
f 2856 2855 2852
f 2849 2853 2851
f 2851 2853 2849
f 2851 2853 2855
f 2855 2853 2851
f 2850 2852 2854
f 2854 2852 2850
f 2852 2856 2854
f 2854 2856 2852
f 2857 2859 2858
f 2858 2859 2857
f 2858 2859 2860
f 2860 2859 2858
f 2861 2862 2863
f 2863 2862 2861
f 2862 2864 2863
f 2863 2864 2862
f 2857 2858 2861
f 2861 2858 2857
f 2858 2862 2861
f 2861 2862 2858
f 2859 2863 2860
f 2860 2863 2859
f 2860 2863 2864
f 2864 2863 2860
f 2857 2861 2859
f 2859 2861 2857
f 2859 2861 2863
f 2863 2861 2859
f 2858 2860 2862
f 2862 2860 2858
f 2860 2864 2862
f 2862 2864 2860
f 2865 2867 2866
f 2866 2867 2865
f 2866 2867 2868
f 2868 2867 2866
f 2869 2870 2871
f 2871 2870 2869
f 2870 2872 2871
f 2871 2872 2870
f 2865 2866 2869
f 2869 2866 2865
f 2866 2870 2869
f 2869 2870 2866
f 2867 2871 2868
f 2868 2871 2867
f 2868 2871 2872
f 2872 2871 2868
f 2865 2869 2867
f 2867 2869 2865
f 2867 2869 2871
f 2871 2869 2867
f 2866 2868 2870
f 2870 2868 2866
f 2868 2872 2870
f 2870 2872 2868
f 2873 2875 2874
f 2874 2875 2873
f 2874 2875 2876
f 2876 2875 2874
f 2877 2878 2879
f 2879 2878 2877
f 2878 2880 2879
f 2879 2880 2878
f 2873 2874 2877
f 2877 2874 2873
f 2874 2878 2877
f 2877 2878 2874
f 2875 2879 2876
f 2876 2879 2875
f 2876 2879 2880
f 2880 2879 2876
f 2873 2877 2875
f 2875 2877 2873
f 2875 2877 2879
f 2879 2877 2875
f 2874 2876 2878
f 2878 2876 2874
f 2876 2880 2878
f 2878 2880 2876
f 2881 2883 2882
f 2882 2883 2881
f 2882 2883 2884
f 2884 2883 2882
f 2885 2886 2887
f 2887 2886 2885
f 2886 2888 2887
f 2887 2888 2886
f 2881 2882 2885
f 2885 2882 2881
f 2882 2886 2885
f 2885 2886 2882
f 2883 2887 2884
f 2884 2887 2883
f 2884 2887 2888
f 2888 2887 2884
f 2881 2885 2883
f 2883 2885 2881
f 2883 2885 2887
f 2887 2885 2883
f 2882 2884 2886
f 2886 2884 2882
f 2884 2888 2886
f 2886 2888 2884
f 2889 2891 2890
f 2890 2891 2889
f 2890 2891 2892
f 2892 2891 2890
f 2893 2894 2895
f 2895 2894 2893
f 2894 2896 2895
f 2895 2896 2894
f 2889 2890 2893
f 2893 2890 2889
f 2890 2894 2893
f 2893 2894 2890
f 2891 2895 2892
f 2892 2895 2891
f 2892 2895 2896
f 2896 2895 2892
f 2889 2893 2891
f 2891 2893 2889
f 2891 2893 2895
f 2895 2893 2891
f 2890 2892 2894
f 2894 2892 2890
f 2892 2896 2894
f 2894 2896 2892
f 2897 2899 2898
f 2898 2899 2897
f 2898 2899 2900
f 2900 2899 2898
f 2901 2902 2903
f 2903 2902 2901
f 2902 2904 2903
f 2903 2904 2902
f 2897 2898 2901
f 2901 2898 2897
f 2898 2902 2901
f 2901 2902 2898
f 2899 2903 2900
f 2900 2903 2899
f 2900 2903 2904
f 2904 2903 2900
f 2897 2901 2899
f 2899 2901 2897
f 2899 2901 2903
f 2903 2901 2899
f 2898 2900 2902
f 2902 2900 2898
f 2900 2904 2902
f 2902 2904 2900
f 2905 2907 2906
f 2906 2907 2905
f 2906 2907 2908
f 2908 2907 2906
f 2909 2910 2911
f 2911 2910 2909
f 2910 2912 2911
f 2911 2912 2910
f 2905 2906 2909
f 2909 2906 2905
f 2906 2910 2909
f 2909 2910 2906
f 2907 2911 2908
f 2908 2911 2907
f 2908 2911 2912
f 2912 2911 2908
f 2905 2909 2907
f 2907 2909 2905
f 2907 2909 2911
f 2911 2909 2907
f 2906 2908 2910
f 2910 2908 2906
f 2908 2912 2910
f 2910 2912 2908
f 2913 2915 2914
f 2914 2915 2913
f 2914 2915 2916
f 2916 2915 2914
f 2917 2918 2919
f 2919 2918 2917
f 2918 2920 2919
f 2919 2920 2918
f 2913 2914 2917
f 2917 2914 2913
f 2914 2918 2917
f 2917 2918 2914
f 2915 2919 2916
f 2916 2919 2915
f 2916 2919 2920
f 2920 2919 2916
f 2913 2917 2915
f 2915 2917 2913
f 2915 2917 2919
f 2919 2917 2915
f 2914 2916 2918
f 2918 2916 2914
f 2916 2920 2918
f 2918 2920 2916
f 2921 2923 2922
f 2922 2923 2921
f 2922 2923 2924
f 2924 2923 2922
f 2925 2926 2927
f 2927 2926 2925
f 2926 2928 2927
f 2927 2928 2926
f 2921 2922 2925
f 2925 2922 2921
f 2922 2926 2925
f 2925 2926 2922
f 2923 2927 2924
f 2924 2927 2923
f 2924 2927 2928
f 2928 2927 2924
f 2921 2925 2923
f 2923 2925 2921
f 2923 2925 2927
f 2927 2925 2923
f 2922 2924 2926
f 2926 2924 2922
f 2924 2928 2926
f 2926 2928 2924
f 2929 2931 2930
f 2930 2931 2929
f 2930 2931 2932
f 2932 2931 2930
f 2933 2934 2935
f 2935 2934 2933
f 2934 2936 2935
f 2935 2936 2934
f 2929 2930 2933
f 2933 2930 2929
f 2930 2934 2933
f 2933 2934 2930
f 2931 2935 2932
f 2932 2935 2931
f 2932 2935 2936
f 2936 2935 2932
f 2929 2933 2931
f 2931 2933 2929
f 2931 2933 2935
f 2935 2933 2931
f 2930 2932 2934
f 2934 2932 2930
f 2932 2936 2934
f 2934 2936 2932
f 2937 2939 2938
f 2938 2939 2937
f 2938 2939 2940
f 2940 2939 2938
f 2941 2942 2943
f 2943 2942 2941
f 2942 2944 2943
f 2943 2944 2942
f 2937 2938 2941
f 2941 2938 2937
f 2938 2942 2941
f 2941 2942 2938
f 2939 2943 2940
f 2940 2943 2939
f 2940 2943 2944
f 2944 2943 2940
f 2937 2941 2939
f 2939 2941 2937
f 2939 2941 2943
f 2943 2941 2939
f 2938 2940 2942
f 2942 2940 2938
f 2940 2944 2942
f 2942 2944 2940
f 2945 2947 2946
f 2946 2947 2945
f 2946 2947 2948
f 2948 2947 2946
f 2949 2950 2951
f 2951 2950 2949
f 2950 2952 2951
f 2951 2952 2950
f 2945 2946 2949
f 2949 2946 2945
f 2946 2950 2949
f 2949 2950 2946
f 2947 2951 2948
f 2948 2951 2947
f 2948 2951 2952
f 2952 2951 2948
f 2945 2949 2947
f 2947 2949 2945
f 2947 2949 2951
f 2951 2949 2947
f 2946 2948 2950
f 2950 2948 2946
f 2948 2952 2950
f 2950 2952 2948
f 2953 2955 2954
f 2954 2955 2953
f 2954 2955 2956
f 2956 2955 2954
f 2957 2958 2959
f 2959 2958 2957
f 2958 2960 2959
f 2959 2960 2958
f 2953 2954 2957
f 2957 2954 2953
f 2954 2958 2957
f 2957 2958 2954
f 2955 2959 2956
f 2956 2959 2955
f 2956 2959 2960
f 2960 2959 2956
f 2953 2957 2955
f 2955 2957 2953
f 2955 2957 2959
f 2959 2957 2955
f 2954 2956 2958
f 2958 2956 2954
f 2956 2960 2958
f 2958 2960 2956
f 2961 2963 2962
f 2962 2963 2961
f 2962 2963 2964
f 2964 2963 2962
f 2965 2966 2967
f 2967 2966 2965
f 2966 2968 2967
f 2967 2968 2966
f 2961 2962 2965
f 2965 2962 2961
f 2962 2966 2965
f 2965 2966 2962
f 2963 2967 2964
f 2964 2967 2963
f 2964 2967 2968
f 2968 2967 2964
f 2961 2965 2963
f 2963 2965 2961
f 2963 2965 2967
f 2967 2965 2963
f 2962 2964 2966
f 2966 2964 2962
f 2964 2968 2966
f 2966 2968 2964
f 2969 2971 2970
f 2970 2971 2969
f 2970 2971 2972
f 2972 2971 2970
f 2973 2974 2975
f 2975 2974 2973
f 2974 2976 2975
f 2975 2976 2974
f 2969 2970 2973
f 2973 2970 2969
f 2970 2974 2973
f 2973 2974 2970
f 2971 2975 2972
f 2972 2975 2971
f 2972 2975 2976
f 2976 2975 2972
f 2969 2973 2971
f 2971 2973 2969
f 2971 2973 2975
f 2975 2973 2971
f 2970 2972 2974
f 2974 2972 2970
f 2972 2976 2974
f 2974 2976 2972
f 2977 2979 2978
f 2978 2979 2977
f 2978 2979 2980
f 2980 2979 2978
f 2981 2982 2983
f 2983 2982 2981
f 2982 2984 2983
f 2983 2984 2982
f 2977 2978 2981
f 2981 2978 2977
f 2978 2982 2981
f 2981 2982 2978
f 2979 2983 2980
f 2980 2983 2979
f 2980 2983 2984
f 2984 2983 2980
f 2977 2981 2979
f 2979 2981 2977
f 2979 2981 2983
f 2983 2981 2979
f 2978 2980 2982
f 2982 2980 2978
f 2980 2984 2982
f 2982 2984 2980
f 2985 2987 2986
f 2986 2987 2985
f 2986 2987 2988
f 2988 2987 2986
f 2989 2990 2991
f 2991 2990 2989
f 2990 2992 2991
f 2991 2992 2990
f 2985 2986 2989
f 2989 2986 2985
f 2986 2990 2989
f 2989 2990 2986
f 2987 2991 2988
f 2988 2991 2987
f 2988 2991 2992
f 2992 2991 2988
f 2985 2989 2987
f 2987 2989 2985
f 2987 2989 2991
f 2991 2989 2987
f 2986 2988 2990
f 2990 2988 2986
f 2988 2992 2990
f 2990 2992 2988
g board_2993
usemtl board
v 6.12375 0.025 3.558
v 6.12375 0.013 3.558
v 6.442 0.025 3.87625
v 6.442 0.013 3.87625
v 6.442 0.025 3.87625
v 6.442 0.013 3.87625
v 7.0075 0.025 3.3105
v 7.0075 0.013 3.3105
v 7.0075 0.025 3.3105
v 7.0075 0.013 3.3105
v 6.6895 0.025 2.9925
v 6.6895 0.013 2.9925
v 6.6895 0.025 2.9925
v 6.6895 0.013 2.9925
v 6.12375 0.025 3.558
v 6.12375 0.013 3.558
v 6.6895 0.025 2.9925
v 6.12375 0.025 3.558
v 7.0075 0.025 3.3105
v 6.442 0.025 3.87625
v 6.12375 0.013 3.558
v 6.442 0.013 3.87625
v 6.6895 0.013 2.9925
v 7.0075 0.013 3.3105
v 5.558 0.025 4.12375
v 5.558 0.013 4.12375
v 5.87625 0.025 4.442
v 5.87625 0.013 4.442
v 5.87625 0.025 4.442
v 5.87625 0.013 4.442
v 6.442 0.025 3.87625
v 6.442 0.013 3.87625
v 6.442 0.025 3.87625
v 6.442 0.013 3.87625
v 6.12375 0.025 3.558
v 6.12375 0.013 3.558
v 6.12375 0.025 3.558
v 6.12375 0.013 3.558
v 5.558 0.025 4.12375
v 5.558 0.013 4.12375
v 6.12375 0.025 3.558
v 5.558 0.025 4.12375
v 6.442 0.025 3.87625
v 5.87625 0.025 4.442
v 5.558 0.013 4.12375
v 5.87625 0.013 4.442
v 6.12375 0.013 3.558
v 6.442 0.013 3.87625
v 4.99225 0.025 4.6895
v 4.99225 0.013 4.6895
v 5.3105 0.025 5.00775
v 5.3105 0.013 5.00775
v 5.3105 0.025 5.00775
v 5.3105 0.013 5.00775
v 5.87625 0.025 4.442
v 5.87625 0.013 4.442
v 5.87625 0.025 4.442
v 5.87625 0.013 4.442
v 5.558 0.025 4.12375
v 5.558 0.013 4.12375
v 5.558 0.025 4.12375
v 5.558 0.013 4.12375
v 4.99225 0.025 4.6895
v 4.99225 0.013 4.6895
v 5.558 0.025 4.12375
v 4.99225 0.025 4.6895
v 5.87625 0.025 4.442
v 5.3105 0.025 5.00775
v 4.99225 0.013 4.6895
v 5.3105 0.013 5.00775
v 5.558 0.013 4.12375
v 5.87625 0.013 4.442
f 2994 2995 2993
f 2993 2995 2994
f 2994 2996 2995
f 2995 2996 2994
f 2999 2997 2998
f 2998 2997 2999
f 2999 2998 3000
f 3000 2998 2999
f 3003 3001 3002
f 3002 3001 3003
f 3003 3002 3004
f 3004 3002 3003
f 3006 3007 3005
f 3005 3007 3006
f 3006 3008 3007
f 3007 3008 3006
f 3012 3011 3009
f 3009 3011 3012
f 3010 3012 3009
f 3009 3012 3010
f 3014 3015 3016
f 3016 3015 3014
f 3013 3015 3014
f 3014 3015 3013
f 3018 3019 3017
f 3017 3019 3018
f 3018 3020 3019
f 3019 3020 3018
f 3023 3021 3022
f 3022 3021 3023
f 3023 3022 3024
f 3024 3022 3023
f 3027 3025 3026
f 3026 3025 3027
f 3027 3026 3028
f 3028 3026 3027
f 3030 3031 3029
f 3029 3031 3030
f 3030 3032 3031
f 3031 3032 3030
f 3036 3035 3033
f 3033 3035 3036
f 3034 3036 3033
f 3033 3036 3034
f 3038 3039 3040
f 3040 3039 3038
f 3037 3039 3038
f 3038 3039 3037
f 3042 3043 3041
f 3041 3043 3042
f 3042 3044 3043
f 3043 3044 3042
f 3047 3045 3046
f 3046 3045 3047
f 3047 3046 3048
f 3048 3046 3047
f 3051 3049 3050
f 3050 3049 3051
f 3051 3050 3052
f 3052 3050 3051
f 3054 3055 3053
f 3053 3055 3054
f 3054 3056 3055
f 3055 3056 3054
f 3060 3059 3057
f 3057 3059 3060
f 3058 3060 3057
f 3057 3060 3058
f 3062 3063 3064
f 3064 3063 3062
f 3061 3063 3062
f 3062 3063 3061
g plate_3065
usemtl plate
v 6.5905 0.435 3.148
v 6.5905 0.432 3.148
v 6.7 0.435 3.2575
v 6.7 0.432 3.2575
v 6.7 0.435 3.2575
v 6.7 0.432 3.2575
v 6.82725 0.435 3.13025
v 6.82725 0.432 3.13025
v 6.82725 0.435 3.13025
v 6.82725 0.432 3.13025
v 6.71775 0.435 3.02075
v 6.71775 0.432 3.02075
v 6.71775 0.435 3.02075
v 6.71775 0.432 3.02075
v 6.5905 0.435 3.148
v 6.5905 0.432 3.148
v 6.71775 0.435 3.02075
v 6.5905 0.435 3.148
v 6.82725 0.435 3.13025
v 6.7 0.435 3.2575
v 6.5905 0.432 3.148
v 6.7 0.432 3.2575
v 6.71775 0.432 3.02075
v 6.82725 0.432 3.13025
v 6.7425 0.435 3.3
v 6.7425 0.432 3.3
v 6.852 0.435 3.4095
v 6.852 0.432 3.4095
v 6.852 0.435 3.4095
v 6.852 0.432 3.4095
v 6.97925 0.435 3.28225
v 6.97925 0.432 3.28225
v 6.97925 0.435 3.28225
v 6.97925 0.432 3.28225
v 6.86975 0.435 3.17275
v 6.86975 0.432 3.17275
v 6.86975 0.435 3.17275
v 6.86975 0.432 3.17275
v 6.7425 0.435 3.3
v 6.7425 0.432 3.3
v 6.86975 0.435 3.17275
v 6.7425 0.435 3.3
v 6.97925 0.435 3.28225
v 6.852 0.435 3.4095
v 6.7425 0.432 3.3
v 6.852 0.432 3.4095
v 6.86975 0.432 3.17275
v 6.97925 0.432 3.28225
v 5.4095 0.435 4.852
v 5.4095 0.432 4.852
v 5.3 0.435 4.7425
v 5.3 0.432 4.7425
v 5.3 0.435 4.7425
v 5.3 0.432 4.7425
v 5.17275 0.435 4.86975
v 5.17275 0.432 4.86975
v 5.17275 0.435 4.86975
v 5.17275 0.432 4.86975
v 5.28225 0.435 4.97925
v 5.28225 0.432 4.97925
v 5.28225 0.435 4.97925
v 5.28225 0.432 4.97925
v 5.4095 0.435 4.852
v 5.4095 0.432 4.852
v 5.28225 0.435 4.97925
v 5.4095 0.435 4.852
v 5.17275 0.435 4.86975
v 5.3 0.435 4.7425
v 5.4095 0.432 4.852
v 5.3 0.432 4.7425
v 5.28225 0.432 4.97925
v 5.17275 0.432 4.86975
v 5.2575 0.435 4.7
v 5.2575 0.432 4.7
v 5.148 0.435 4.5905
v 5.148 0.432 4.5905
v 5.148 0.435 4.5905
v 5.148 0.432 4.5905
v 5.02075 0.435 4.71775
v 5.02075 0.432 4.71775
v 5.02075 0.435 4.71775
v 5.02075 0.432 4.71775
v 5.13025 0.435 4.82725
v 5.13025 0.432 4.82725
v 5.13025 0.435 4.82725
v 5.13025 0.432 4.82725
v 5.2575 0.435 4.7
v 5.2575 0.432 4.7
v 5.13025 0.435 4.82725
v 5.2575 0.435 4.7
v 5.02075 0.435 4.71775
v 5.148 0.435 4.5905
v 5.2575 0.432 4.7
v 5.148 0.432 4.5905
v 5.13025 0.432 4.82725
v 5.02075 0.432 4.71775
f 3065 3068 3067
f 3067 3068 3065
f 3066 3068 3065
f 3065 3068 3066
f 3071 3069 3070
f 3070 3069 3071
f 3071 3070 3072
f 3072 3070 3071
f 3076 3073 3074
f 3074 3073 3076
f 3075 3073 3076
f 3076 3073 3075
f 3078 3079 3077
f 3077 3079 3078
f 3078 3080 3079
f 3079 3080 3078
f 3082 3083 3081
f 3081 3083 3082
f 3082 3084 3083
f 3083 3084 3082
f 3085 3087 3088
f 3088 3087 3085
f 3085 3088 3086
f 3086 3088 3085
f 3089 3092 3091
f 3091 3092 3089
f 3090 3092 3089
f 3089 3092 3090
f 3095 3093 3094
f 3094 3093 3095
f 3095 3094 3096
f 3096 3094 3095
f 3100 3097 3098
f 3098 3097 3100
f 3099 3097 3100
f 3100 3097 3099
f 3102 3103 3101
f 3101 3103 3102
f 3102 3104 3103
f 3103 3104 3102
f 3106 3107 3105
f 3105 3107 3106
f 3106 3108 3107
f 3107 3108 3106
f 3109 3111 3112
f 3112 3111 3109
f 3109 3112 3110
f 3110 3112 3109
f 3113 3116 3115
f 3115 3116 3113
f 3114 3116 3113
f 3113 3116 3114
f 3119 3117 3118
f 3118 3117 3119
f 3119 3118 3120
f 3120 3118 3119
f 3124 3121 3122
f 3122 3121 3124
f 3123 3121 3124
f 3124 3121 3123
f 3126 3127 3125
f 3125 3127 3126
f 3126 3128 3127
f 3127 3128 3126
f 3130 3131 3129
f 3129 3131 3130
f 3130 3132 3131
f 3131 3132 3130
f 3133 3135 3136
f 3136 3135 3133
f 3133 3136 3134
f 3134 3136 3133
f 3137 3140 3139
f 3139 3140 3137
f 3138 3140 3137
f 3137 3140 3138
f 3143 3141 3142
f 3142 3141 3143
f 3143 3142 3144
f 3144 3142 3143
f 3148 3145 3146
f 3146 3145 3148
f 3147 3145 3148
f 3148 3145 3147
f 3150 3151 3149
f 3149 3151 3150
f 3150 3152 3151
f 3151 3152 3150
f 3154 3155 3153
f 3153 3155 3154
f 3154 3156 3155
f 3155 3156 3154
f 3157 3159 3160
f 3160 3159 3157
f 3157 3160 3158
f 3158 3160 3157
g alu_3161
usemtl alu
v 5.44325 0.05 4.53925
v 5.9735 0.05 4.00875
v 5.44325 0.075 4.53925
v 5.9735 0.075 4.00875
v 5.46075 0.05 4.55675
v 5.99125 0.05 4.0265
v 5.46075 0.075 4.55675
v 5.99125 0.075 4.0265
v 5.44325 0.825 4.53925
v 5.9735 0.825 4.00875
v 5.44325 0.85 4.53925
v 5.9735 0.85 4.00875
v 5.46075 0.825 4.55675
v 5.99125 0.825 4.0265
v 5.46075 0.85 4.55675
v 5.99125 0.85 4.0265
v 5.44325 0.05 4.53925
v 5.44325 0.8475 4.53925
v 5.4255 0.05 4.55675
v 5.4255 0.8475 4.55675
v 5.46075 0.05 4.55675
v 5.46075 0.8475 4.55675
v 5.44325 0.05 4.5745
v 5.44325 0.8475 4.5745
v 5.9735 0.8475 4.00875
v 5.9735 0.05 4.00875
v 5.99125 0.8475 3.99125
v 5.99125 0.05 3.99125
v 5.99125 0.8475 4.0265
v 5.99125 0.05 4.0265
v 6.00875 0.8475 4.00875
v 6.00875 0.05 4.00875
v 6.55675 0.05 3.46075
v 6.0265 0.05 3.99125
v 6.55675 0.075 3.46075
v 6.0265 0.075 3.99125
v 6.53925 0.05 3.44325
v 6.00875 0.05 3.9735
v 6.53925 0.075 3.44325
v 6.00875 0.075 3.9735
v 6.55675 0.825 3.46075
v 6.0265 0.825 3.99125
v 6.55675 0.85 3.46075
v 6.0265 0.85 3.99125
v 6.53925 0.825 3.44325
v 6.00875 0.825 3.9735
v 6.53925 0.85 3.44325
v 6.00875 0.85 3.9735
v 6.0265 0.8475 3.99125
v 6.0265 0.05 3.99125
v 6.00875 0.8475 4.00875
v 6.00875 0.05 4.00875
v 6.00875 0.8475 3.9735
v 6.00875 0.05 3.9735
v 5.99125 0.8475 3.99125
v 5.99125 0.05 3.99125
v 6.55675 0.05 3.46075
v 6.55675 0.8475 3.46075
v 6.5745 0.05 3.44325
v 6.5745 0.8475 3.44325
v 6.53925 0.05 3.44325
v 6.53925 0.8475 3.44325
v 6.55675 0.05 3.4255
v 6.55675 0.8475 3.4255
f 3161 3163 3162
f 3162 3163 3161
f 3162 3163 3164
f 3164 3163 3162
f 3165 3166 3167
f 3167 3166 3165
f 3166 3168 3167
f 3167 3168 3166
f 3161 3162 3165
f 3165 3162 3161
f 3162 3166 3165
f 3165 3166 3162
f 3163 3167 3164
f 3164 3167 3163
f 3164 3167 3168
f 3168 3167 3164
f 3161 3165 3163
f 3163 3165 3161
f 3163 3165 3167
f 3167 3165 3163
f 3162 3164 3166
f 3166 3164 3162
f 3164 3168 3166
f 3166 3168 3164
f 3169 3171 3170
f 3170 3171 3169
f 3170 3171 3172
f 3172 3171 3170
f 3173 3174 3175
f 3175 3174 3173
f 3174 3176 3175
f 3175 3176 3174
f 3169 3170 3173
f 3173 3170 3169
f 3170 3174 3173
f 3173 3174 3170
f 3171 3175 3172
f 3172 3175 3171
f 3172 3175 3176
f 3176 3175 3172
f 3169 3173 3171
f 3171 3173 3169
f 3171 3173 3175
f 3175 3173 3171
f 3170 3172 3174
f 3174 3172 3170
f 3172 3176 3174
f 3174 3176 3172
f 3177 3179 3178
f 3178 3179 3177
f 3178 3179 3180
f 3180 3179 3178
f 3181 3182 3183
f 3183 3182 3181
f 3182 3184 3183
f 3183 3184 3182
f 3177 3178 3181
f 3181 3178 3177
f 3178 3182 3181
f 3181 3182 3178
f 3179 3183 3180
f 3180 3183 3179
f 3180 3183 3184
f 3184 3183 3180
f 3177 3181 3179
f 3179 3181 3177
f 3179 3181 3183
f 3183 3181 3179
f 3178 3180 3182
f 3182 3180 3178
f 3180 3184 3182
f 3182 3184 3180
f 3185 3187 3186
f 3186 3187 3185
f 3186 3187 3188
f 3188 3187 3186
f 3189 3190 3191
f 3191 3190 3189
f 3190 3192 3191
f 3191 3192 3190
f 3185 3186 3189
f 3189 3186 3185
f 3186 3190 3189
f 3189 3190 3186
f 3187 3191 3188
f 3188 3191 3187
f 3188 3191 3192
f 3192 3191 3188
f 3185 3189 3187
f 3187 3189 3185
f 3187 3189 3191
f 3191 3189 3187
f 3186 3188 3190
f 3190 3188 3186
f 3188 3192 3190
f 3190 3192 3188
f 3193 3195 3194
f 3194 3195 3193
f 3194 3195 3196
f 3196 3195 3194
f 3197 3198 3199
f 3199 3198 3197
f 3198 3200 3199
f 3199 3200 3198
f 3193 3194 3197
f 3197 3194 3193
f 3194 3198 3197
f 3197 3198 3194
f 3195 3199 3196
f 3196 3199 3195
f 3196 3199 3200
f 3200 3199 3196
f 3193 3197 3195
f 3195 3197 3193
f 3195 3197 3199
f 3199 3197 3195
f 3194 3196 3198
f 3198 3196 3194
f 3196 3200 3198
f 3198 3200 3196
f 3201 3203 3202
f 3202 3203 3201
f 3202 3203 3204
f 3204 3203 3202
f 3205 3206 3207
f 3207 3206 3205
f 3206 3208 3207
f 3207 3208 3206
f 3201 3202 3205
f 3205 3202 3201
f 3202 3206 3205
f 3205 3206 3202
f 3203 3207 3204
f 3204 3207 3203
f 3204 3207 3208
f 3208 3207 3204
f 3201 3205 3203
f 3203 3205 3201
f 3203 3205 3207
f 3207 3205 3203
f 3202 3204 3206
f 3206 3204 3202
f 3204 3208 3206
f 3206 3208 3204
f 3209 3211 3210
f 3210 3211 3209
f 3210 3211 3212
f 3212 3211 3210
f 3213 3214 3215
f 3215 3214 3213
f 3214 3216 3215
f 3215 3216 3214
f 3209 3210 3213
f 3213 3210 3209
f 3210 3214 3213
f 3213 3214 3210
f 3211 3215 3212
f 3212 3215 3211
f 3212 3215 3216
f 3216 3215 3212
f 3209 3213 3211
f 3211 3213 3209
f 3211 3213 3215
f 3215 3213 3211
f 3210 3212 3214
f 3214 3212 3210
f 3212 3216 3214
f 3214 3216 3212
f 3217 3219 3218
f 3218 3219 3217
f 3218 3219 3220
f 3220 3219 3218
f 3221 3222 3223
f 3223 3222 3221
f 3222 3224 3223
f 3223 3224 3222
f 3217 3218 3221
f 3221 3218 3217
f 3218 3222 3221
f 3221 3222 3218
f 3219 3223 3220
f 3220 3223 3219
f 3220 3223 3224
f 3224 3223 3220
f 3217 3221 3219
f 3219 3221 3217
f 3219 3221 3223
f 3223 3221 3219
f 3218 3220 3222
f 3222 3220 3218
f 3220 3224 3222
f 3222 3224 3220
g panel_3225
usemtl panel
v 5.98325 0.071 4.0135
v 5.98675 0.071 4.01725
v 5.44575 0.071 4.551
v 5.44925 0.071 4.5545
v 5.44575 0.071 4.551
v 5.44925 0.071 4.5545
v 5.44575 0.831 4.551
v 5.44925 0.831 4.5545
v 5.44575 0.831 4.551
v 5.44925 0.831 4.5545
v 5.98325 0.831 4.0135
v 5.98675 0.831 4.01725
v 5.98325 0.831 4.0135
v 5.98675 0.831 4.01725
v 5.98325 0.071 4.0135
v 5.98675 0.071 4.01725
v 5.98325 0.831 4.0135
v 5.98325 0.071 4.0135
v 5.44575 0.831 4.551
v 5.44575 0.071 4.551
v 5.98675 0.071 4.01725
v 5.44925 0.071 4.5545
v 5.98675 0.831 4.01725
v 5.44925 0.831 4.5545
v 6.54875 0.071 3.448
v 6.55225 0.071 3.4515
v 6.0115 0.071 3.98525
v 6.015 0.071 3.98875
v 6.0115 0.071 3.98525
v 6.015 0.071 3.98875
v 6.0115 0.831 3.98525
v 6.015 0.831 3.98875
v 6.0115 0.831 3.98525
v 6.015 0.831 3.98875
v 6.54875 0.831 3.448
v 6.55225 0.831 3.4515
v 6.54875 0.831 3.448
v 6.55225 0.831 3.4515
v 6.54875 0.071 3.448
v 6.55225 0.071 3.4515
v 6.54875 0.831 3.448
v 6.54875 0.071 3.448
v 6.0115 0.831 3.98525
v 6.0115 0.071 3.98525
v 6.55225 0.071 3.4515
v 6.015 0.071 3.98875
v 6.55225 0.831 3.4515
v 6.015 0.831 3.98875
f 3225 3228 3227
f 3227 3228 3225
f 3226 3228 3225
f 3225 3228 3226
f 3232 3229 3230
f 3230 3229 3232
f 3231 3229 3232
f 3232 3229 3231
f 3236 3233 3234
f 3234 3233 3236
f 3235 3233 3236
f 3236 3233 3235
f 3237 3240 3239
f 3239 3240 3237
f 3238 3240 3237
f 3237 3240 3238
f 3242 3243 3241
f 3241 3243 3242
f 3242 3244 3243
f 3243 3244 3242
f 3245 3247 3248
f 3248 3247 3245
f 3245 3248 3246
f 3246 3248 3245
f 3249 3252 3251
f 3251 3252 3249
f 3250 3252 3249
f 3249 3252 3250
f 3256 3253 3254
f 3254 3253 3256
f 3255 3253 3256
f 3256 3253 3255
f 3260 3257 3258
f 3258 3257 3260
f 3259 3257 3260
f 3260 3257 3259
f 3261 3264 3263
f 3263 3264 3261
f 3262 3264 3261
f 3261 3264 3262
f 3266 3267 3265
f 3265 3267 3266
f 3266 3268 3267
f 3267 3268 3266
f 3269 3271 3272
f 3272 3271 3269
f 3269 3272 3270
f 3270 3272 3269
